Ticker,Ex-Dividend Date,Dividend per Share
AAPL,1987-05-11,0.000536
AAPL,1987-08-10,0.000536
AAPL,1987-11-17,0.000714
AAPL,1988-02-12,0.000714
AAPL,1988-05-16,0.000714
AAPL,1988-08-15,0.000714
AAPL,1988-11-21,0.000893
AAPL,1989-02-17,0.000893
AAPL,1989-05-22,0.000893
AAPL,1989-08-21,0.000893
AAPL,1989-11-17,0.000982
AAPL,1990-02-16,0.000982
AAPL,1990-05-21,0.000982
AAPL,1990-08-20,0.000982
AAPL,1990-11-16,0.001071
AAPL,1991-02-15,0.001071
AAPL,1991-05-20,0.001071
AAPL,1991-08-19,0.001071
AAPL,1991-11-18,0.001071
AAPL,1992-02-14,0.001071
AAPL,1992-06-01,0.001071
AAPL,1992-08-17,0.001071
AAPL,1992-11-30,0.001071
AAPL,1993-02-12,0.001071
AAPL,1993-05-28,0.001071
AAPL,1993-08-16,0.001071
AAPL,1993-11-19,0.001071
AAPL,1994-02-07,0.001071
AAPL,1994-05-27,0.001071
AAPL,1994-08-15,0.001071
AAPL,1994-11-18,0.001071
AAPL,1995-02-13,0.001071
AAPL,1995-05-26,0.001071
AAPL,1995-08-16,0.001071
AAPL,1995-11-21,0.001071
AAPL,2012-08-09,0.094643
AAPL,2012-11-07,0.094643
AAPL,2013-02-07,0.094643
AAPL,2013-05-09,0.108929
AAPL,2013-08-08,0.108929
AAPL,2013-11-06,0.108929
AAPL,2014-02-06,0.108929
AAPL,2014-05-08,0.1175
AAPL,2014-08-07,0.1175
AAPL,2014-11-06,0.1175
AAPL,2015-02-05,0.1175
AAPL,2015-05-07,0.13
AAPL,2015-08-06,0.13
AAPL,2015-11-05,0.13
AAPL,2016-02-04,0.13
AAPL,2016-05-05,0.1425
AAPL,2016-08-04,0.1425
AAPL,2016-11-03,0.1425
AAPL,2017-02-09,0.1425
AAPL,2017-05-11,0.1575
AAPL,2017-08-10,0.1575
AAPL,2017-11-10,0.1575
AAPL,2018-02-09,0.1575
AAPL,2018-05-11,0.1825
AAPL,2018-08-10,0.1825
AAPL,2018-11-08,0.1825
AAPL,2019-02-08,0.1825
AAPL,2019-05-10,0.1925
AAPL,2019-08-09,0.1925
AAPL,2019-11-07,0.1925
AAPL,2020-02-07,0.1925
AAPL,2020-05-08,0.205
AAPL,2020-08-07,0.205
AAPL,2020-11-06,0.205
AAPL,2021-02-05,0.205
AAPL,2021-05-07,0.22
AAPL,2021-08-06,0.22
AAPL,2021-11-05,0.22
AAPL,2022-02-04,0.22
AAPL,2022-05-06,0.23
AAPL,2022-08-05,0.23
AAPL,2022-11-04,0.23
AAPL,2023-02-10,0.23
AAPL,2023-05-12,0.24
AAPL,2023-08-11,0.24
AAPL,2023-11-10,0.24
AAPL,2024-02-09,0.24
AAPL,2024-05-10,0.25
AAPL,2024-08-12,0.25
AAPL,2024-11-08,0.25
MSFT,2003-02-19,0.08
MSFT,2003-10-15,0.16
MSFT,2004-08-23,0.08
MSFT,2004-11-15,3.08
MSFT,2005-02-15,0.08
MSFT,2005-05-16,0.08
MSFT,2005-08-15,0.08
MSFT,2005-11-15,0.08
MSFT,2006-02-15,0.09
MSFT,2006-05-15,0.09
MSFT,2006-08-15,0.09
MSFT,2006-11-14,0.1
MSFT,2007-02-13,0.1
MSFT,2007-05-15,0.1
MSFT,2007-08-14,0.1
MSFT,2007-11-13,0.11
MSFT,2008-02-19,0.11
MSFT,2008-05-13,0.11
MSFT,2008-08-19,0.11
MSFT,2008-11-18,0.13
MSFT,2009-02-17,0.13
MSFT,2009-05-19,0.13
MSFT,2009-08-18,0.13
MSFT,2009-11-17,0.13
MSFT,2010-02-16,0.13
MSFT,2010-05-18,0.13
MSFT,2010-08-17,0.13
MSFT,2010-11-16,0.16
MSFT,2011-02-15,0.16
MSFT,2011-05-17,0.16
MSFT,2011-08-16,0.16
MSFT,2011-11-15,0.2
MSFT,2012-02-14,0.2
MSFT,2012-05-15,0.2
MSFT,2012-08-14,0.2
MSFT,2012-11-13,0.23
MSFT,2013-02-19,0.23
MSFT,2013-05-14,0.23
MSFT,2013-08-13,0.23
MSFT,2013-11-19,0.28
MSFT,2014-02-18,0.28
MSFT,2014-05-13,0.28
MSFT,2014-08-19,0.28
MSFT,2014-11-18,0.31
MSFT,2015-02-17,0.31
MSFT,2015-05-19,0.31
MSFT,2015-08-18,0.31
MSFT,2015-11-17,0.36
MSFT,2016-02-16,0.36
MSFT,2016-05-17,0.36
MSFT,2016-08-16,0.36
MSFT,2016-11-15,0.39
MSFT,2017-02-14,0.39
MSFT,2017-05-16,0.39
MSFT,2017-08-15,0.39
MSFT,2017-11-15,0.42
MSFT,2018-02-14,0.42
MSFT,2018-05-16,0.42
MSFT,2018-08-15,0.42
MSFT,2018-11-14,0.46
MSFT,2019-02-20,0.46
MSFT,2019-05-15,0.46
MSFT,2019-08-14,0.46
MSFT,2019-11-20,0.51
MSFT,2020-02-19,0.51
MSFT,2020-05-20,0.51
MSFT,2020-08-19,0.51
MSFT,2020-11-18,0.56
MSFT,2021-02-17,0.56
MSFT,2021-05-19,0.56
MSFT,2021-08-18,0.56
MSFT,2021-11-17,0.62
MSFT,2022-02-16,0.62
MSFT,2022-05-18,0.62
MSFT,2022-08-17,0.62
MSFT,2022-11-16,0.68
MSFT,2023-02-15,0.68
MSFT,2023-05-17,0.68
MSFT,2023-08-16,0.68
MSFT,2023-11-15,0.75
MSFT,2024-02-14,0.75
MSFT,2024-05-15,0.75
MSFT,2024-08-15,0.75
MSFT,2024-11-21,0.83
GOOGL,2024-06-10,0.2
GOOGL,2024-09-09,0.2
IBM,1962-02-06,0.000956
IBM,1962-05-08,0.000956
IBM,1962-08-07,0.000956
IBM,1962-11-05,0.000956
IBM,1963-02-05,0.001275
IBM,1963-05-07,0.001275
IBM,1963-08-06,0.001275
IBM,1963-11-04,0.001593
IBM,1964-02-04,0.001593
IBM,1964-05-25,0.001992
IBM,1964-08-04,0.001992
IBM,1964-11-02,0.001992
IBM,1965-02-02,0.00239
IBM,1965-05-04,0.00239
IBM,1965-08-03,0.00239
IBM,1965-11-01,0.00239
IBM,1966-02-08,0.00239
IBM,1966-05-24,0.002629
IBM,1966-08-09,0.002629
IBM,1966-11-03,0.002629
IBM,1967-02-06,0.002629
IBM,1967-05-01,0.002629
IBM,1967-08-07,0.002629
IBM,1967-11-03,0.026291
IBM,1968-02-05,0.031071
IBM,1968-05-03,0.031071
IBM,1968-08-02,0.031071
IBM,1969-02-06,0.038241
IBM,1969-05-02,0.038241
IBM,1969-08-01,0.047801
IBM,1969-11-06,0.047801
IBM,1970-05-01,0.057361
IBM,1970-07-31,0.057361
IBM,1970-10-30,0.057361
IBM,1971-02-05,0.062141
IBM,1971-05-07,0.062141
IBM,1971-08-06,0.062141
IBM,1971-11-05,0.062141
IBM,1972-02-03,0.064532
IBM,1972-05-04,0.064532
IBM,1972-08-03,0.064532
IBM,1972-11-08,0.064532
IBM,1973-02-07,0.066922
IBM,1973-05-04,0.066922
IBM,1973-08-08,0.066922
IBM,1973-11-08,0.066922
IBM,1974-02-06,0.076482
IBM,1974-05-08,0.076482
IBM,1974-08-08,0.089627
IBM,1974-11-06,0.089627
IBM,1975-02-06,0.089627
IBM,1975-05-08,0.089627
IBM,1975-08-07,0.104565
IBM,1975-11-05,0.104565
IBM,1976-02-05,0.104565
IBM,1976-05-06,0.104565
IBM,1976-08-05,0.134441
IBM,1976-11-04,0.134441
IBM,1977-02-03,0.149379
IBM,1977-05-05,0.149379
IBM,1977-08-04,0.149379
IBM,1977-11-02,0.149379
IBM,1978-02-03,0.172084
IBM,1978-05-04,0.172084
IBM,1978-08-03,0.172084
IBM,1978-11-01,0.172084
IBM,1979-02-07,0.205545
IBM,1979-05-04,0.205545
IBM,1979-08-08,0.205545
IBM,1979-11-07,0.205545
IBM,1980-02-06,0.205545
IBM,1980-05-08,0.205545
IBM,1980-08-07,0.205545
IBM,1980-11-05,0.205545
IBM,1981-02-05,0.205545
IBM,1981-05-07,0.205545
IBM,1981-08-06,0.205545
IBM,1981-11-04,0.205545
IBM,1982-02-04,0.205545
IBM,1982-05-06,0.205545
IBM,1982-08-05,0.205545
IBM,1982-11-04,0.205545
IBM,1983-02-03,0.205545
IBM,1983-05-05,0.227055
IBM,1983-08-04,0.227055
IBM,1983-11-02,0.227055
IBM,1984-02-03,0.227055
IBM,1984-05-04,0.227055
IBM,1984-08-08,0.262906
IBM,1984-10-31,0.262906
IBM,1985-02-06,0.262906
IBM,1985-05-03,0.262906
IBM,1985-08-08,0.262906
IBM,1985-11-06,0.262906
IBM,1986-02-07,0.262906
IBM,1986-05-08,0.262906
IBM,1986-08-07,0.262906
IBM,1986-11-05,0.262906
IBM,1987-02-05,0.262906
IBM,1987-05-07,0.262906
IBM,1987-08-06,0.262906
IBM,1987-11-05,0.262906
IBM,1988-02-04,0.262906
IBM,1988-05-05,0.262906
IBM,1988-08-04,0.262906
IBM,1988-11-04,0.262906
IBM,1989-02-02,0.262906
IBM,1989-05-04,0.289197
IBM,1989-08-03,0.289197
IBM,1989-11-02,0.289197
IBM,1990-02-05,0.289197
IBM,1990-05-04,0.289197
IBM,1990-08-06,0.289197
IBM,1990-11-05,0.289197
IBM,1991-02-04,0.289197
IBM,1991-05-06,0.289197
IBM,1991-08-06,0.289197
IBM,1991-11-04,0.289197
IBM,1992-02-06,0.289197
IBM,1992-05-07,0.289197
IBM,1992-08-06,0.289197
IBM,1992-11-05,0.289197
IBM,1993-02-04,0.129063
IBM,1993-05-06,0.129063
IBM,1993-08-05,0.059751
IBM,1993-11-04,0.059751
IBM,1994-02-04,0.059751
IBM,1994-05-05,0.059751
IBM,1994-08-04,0.059751
IBM,1994-11-04,0.059751
IBM,1995-02-06,0.059751
IBM,1995-05-04,0.059751
IBM,1995-08-08,0.059751
IBM,1995-11-08,0.059751
IBM,1996-02-07,0.059751
IBM,1996-05-08,0.083652
IBM,1996-08-07,0.083652
IBM,1996-11-06,0.083652
IBM,1997-02-06,0.083652
IBM,1997-05-07,0.095602
IBM,1997-08-07,0.095602
IBM,1997-11-06,0.095602
IBM,1998-02-06,0.095602
IBM,1998-05-06,0.105163
IBM,1998-08-06,0.105163
IBM,1998-11-06,0.105163
IBM,1999-02-08,0.105163
IBM,1999-05-06,0.114723
IBM,1999-08-06,0.114723
IBM,1999-11-08,0.114723
IBM,2000-02-08,0.114723
IBM,2000-05-08,0.124283
IBM,2000-08-08,0.124283
IBM,2000-11-08,0.124283
IBM,2001-02-07,0.124283
IBM,2001-05-08,0.133843
IBM,2001-08-08,0.133843
IBM,2001-11-07,0.133843
IBM,2002-02-06,0.133843
IBM,2002-05-08,0.143403
IBM,2002-08-07,0.143403
IBM,2002-11-06,0.143403
IBM,2003-02-06,0.143403
IBM,2003-05-07,0.152964
IBM,2003-08-06,0.152964
IBM,2003-11-06,0.152964
IBM,2004-02-06,0.152964
IBM,2004-05-06,0.172084
IBM,2004-08-06,0.172084
IBM,2004-11-08,0.172084
IBM,2005-02-08,0.172084
IBM,2005-05-06,0.191205
IBM,2005-08-08,0.191205
IBM,2005-11-08,0.191205
IBM,2006-02-08,0.191205
IBM,2006-05-08,0.286807
IBM,2006-08-08,0.286807
IBM,2006-11-08,0.286807
IBM,2007-02-07,0.286807
IBM,2007-05-08,0.382409
IBM,2007-08-08,0.382409
IBM,2007-11-07,0.382409
IBM,2008-02-06,0.382409
IBM,2008-05-07,0.478011
IBM,2008-08-06,0.478011
IBM,2008-11-06,0.478011
IBM,2009-02-06,0.478011
IBM,2009-05-06,0.525813
IBM,2009-08-06,0.525813
IBM,2009-11-06,0.525813
IBM,2010-02-08,0.525813
IBM,2010-05-06,0.621415
IBM,2010-08-06,0.621415
IBM,2010-11-08,0.621415
IBM,2011-02-08,0.621415
IBM,2011-05-06,0.717017
IBM,2011-08-08,0.717017
IBM,2011-11-08,0.717017
IBM,2012-02-08,0.717017
IBM,2012-05-08,0.81262
IBM,2012-08-08,0.81262
IBM,2012-11-07,0.81262
IBM,2013-02-06,0.81262
IBM,2013-05-08,0.908222
IBM,2013-08-07,0.908222
IBM,2013-11-06,0.908222
IBM,2014-02-06,0.908222
IBM,2014-05-07,1.051625
IBM,2014-08-06,1.051625
IBM,2014-11-06,1.051625
IBM,2015-02-06,1.051625
IBM,2015-05-06,1.24283
IBM,2015-08-06,1.24283
IBM,2015-11-06,1.24283
IBM,2016-02-08,1.24283
IBM,2016-05-06,1.338432
IBM,2016-08-08,1.338432
IBM,2016-11-08,1.338432
IBM,2017-02-08,1.338432
IBM,2017-05-08,1.434034
IBM,2017-08-08,1.434034
IBM,2017-11-09,1.434034
IBM,2018-02-08,1.434034
IBM,2018-05-09,1.500956
IBM,2018-08-09,1.500956
IBM,2018-11-08,1.500956
IBM,2019-02-07,1.500956
IBM,2019-05-09,1.548757
IBM,2019-08-08,1.548757
IBM,2019-11-07,1.548757
IBM,2020-02-07,1.548757
IBM,2020-05-07,1.558317
IBM,2020-08-07,1.558317
IBM,2020-11-09,1.558317
IBM,2021-02-09,1.558317
IBM,2021-05-07,1.567878
IBM,2021-08-09,1.567878
IBM,2021-11-09,1.64
IBM,2022-02-10,1.64
IBM,2022-05-09,1.65
IBM,2022-08-09,1.65
IBM,2022-11-09,1.65
IBM,2023-02-09,1.65
IBM,2023-05-09,1.66
IBM,2023-08-09,1.66
IBM,2023-11-09,1.66
IBM,2024-02-08,1.66
IBM,2024-05-09,1.67
IBM,2024-08-09,1.67
IBM,2024-11-12,1.67
TSLA,N/A,N/A
JNJ,1962-02-13,0.000579
JNJ,1962-05-22,0.000579
JNJ,1962-08-21,0.000579
JNJ,1962-11-21,0.000579
JNJ,1963-02-19,0.00081
JNJ,1963-05-21,0.000579
JNJ,1963-08-20,0.000579
JNJ,1963-11-26,0.000579
JNJ,1964-02-25,0.001042
JNJ,1964-05-19,0.000579
JNJ,1964-08-18,0.000579
JNJ,1964-11-23,0.000579
JNJ,1965-02-23,0.001273
JNJ,1965-05-18,0.000694
JNJ,1965-08-17,0.000694
JNJ,1965-11-22,0.000694
JNJ,1966-02-21,0.001389
JNJ,1966-05-17,0.00081
JNJ,1966-08-16,0.00081
JNJ,1966-11-21,0.00081
JNJ,1967-02-20,0.001389
JNJ,1967-05-17,0.00081
JNJ,1967-08-14,0.001042
JNJ,1967-11-20,0.001042
JNJ,1968-02-16,0.001389
JNJ,1968-05-20,0.001042
JNJ,1968-08-19,0.001042
JNJ,1968-11-18,0.001042
JNJ,1969-02-14,0.001736
JNJ,1969-05-19,0.001389
JNJ,1969-08-18,0.001389
JNJ,1969-11-17,0.001389
JNJ,1970-02-16,0.002083
JNJ,1970-05-22,0.001667
JNJ,1970-08-17,0.001667
JNJ,1970-11-16,0.001667
JNJ,1971-02-22,0.002708
JNJ,1971-05-17,0.002083
JNJ,1971-08-23,0.002083
JNJ,1971-11-19,0.002083
JNJ,1972-02-18,0.003063
JNJ,1972-05-22,0.002083
JNJ,1972-08-21,0.002083
JNJ,1972-11-17,0.002083
JNJ,1973-02-16,0.003125
JNJ,1973-05-21,0.002604
JNJ,1973-08-20,0.002604
JNJ,1973-11-16,0.002604
JNJ,1974-02-15,0.003646
JNJ,1974-05-20,0.003125
JNJ,1974-08-19,0.004167
JNJ,1974-11-18,0.004167
JNJ,1975-02-14,0.005208
JNJ,1975-05-19,0.004167
JNJ,1975-08-18,0.004167
JNJ,1975-11-17,0.004167
JNJ,1976-02-13,0.00625
JNJ,1976-05-17,0.005208
JNJ,1976-08-16,0.005208
JNJ,1976-11-15,0.005208
JNJ,1977-02-18,0.007292
JNJ,1977-05-16,0.007292
JNJ,1977-08-15,0.007292
JNJ,1977-11-14,0.007292
JNJ,1978-02-10,0.008854
JNJ,1978-05-15,0.008854
JNJ,1978-08-14,0.008854
JNJ,1978-11-13,0.008854
JNJ,1979-02-20,0.010417
JNJ,1979-05-21,0.010417
JNJ,1979-08-20,0.010417
JNJ,1979-11-16,0.010417
JNJ,1980-02-15,0.010417
JNJ,1980-05-19,0.011979
JNJ,1980-08-18,0.011979
JNJ,1980-11-17,0.011979
JNJ,1981-02-13,0.011979
JNJ,1981-05-22,0.01375
JNJ,1981-08-17,0.01375
JNJ,1981-11-16,0.01375
JNJ,1982-02-22,0.01375
JNJ,1982-05-17,0.015625
JNJ,1982-08-16,0.015625
JNJ,1982-11-15,0.015625
JNJ,1983-02-18,0.015625
JNJ,1983-05-16,0.017188
JNJ,1983-08-15,0.017188
JNJ,1983-11-14,0.017188
JNJ,1984-02-17,0.017188
JNJ,1984-05-21,0.01875
JNJ,1984-08-20,0.01875
JNJ,1984-11-16,0.01875
JNJ,1985-02-15,0.01875
JNJ,1985-05-24,0.020313
JNJ,1985-08-19,0.020313
JNJ,1985-11-18,0.020313
JNJ,1986-02-24,0.020313
JNJ,1986-05-23,0.021875
JNJ,1986-08-18,0.021875
JNJ,1986-11-17,0.021875
JNJ,1987-02-23,0.021875
JNJ,1987-05-22,0.02625
JNJ,1987-08-17,0.02625
JNJ,1987-11-16,0.02625
JNJ,1988-02-17,0.02625
JNJ,1988-05-18,0.03125
JNJ,1988-08-17,0.03125
JNJ,1988-11-16,0.03125
JNJ,1989-02-14,0.03125
JNJ,1989-05-22,0.03625
JNJ,1989-08-16,0.03625
JNJ,1989-11-15,0.03625
JNJ,1990-02-13,0.03625
JNJ,1990-05-16,0.0425
JNJ,1990-08-15,0.0425
JNJ,1990-11-14,0.0425
JNJ,1991-02-12,0.0425
JNJ,1991-05-15,0.05
JNJ,1991-08-14,0.05
JNJ,1991-11-13,0.05
JNJ,1992-02-11,0.05
JNJ,1992-05-13,0.0575
JNJ,1992-08-12,0.0575
JNJ,1992-11-10,0.0575
JNJ,1993-02-09,0.0575
JNJ,1993-05-12,0.065
JNJ,1993-08-11,0.065
JNJ,1993-11-09,0.065
JNJ,1994-02-09,0.065
JNJ,1994-05-11,0.0725
JNJ,1994-08-10,0.0725
JNJ,1994-11-08,0.0725
JNJ,1995-02-08,0.0725
JNJ,1995-05-10,0.0825
JNJ,1995-08-11,0.0825
JNJ,1995-11-10,0.0825
JNJ,1996-02-15,0.0825
JNJ,1996-05-17,0.095
JNJ,1996-08-16,0.095
JNJ,1996-11-15,0.095
JNJ,1997-02-13,0.095
JNJ,1997-05-16,0.11
JNJ,1997-08-15,0.11
JNJ,1997-11-14,0.11
JNJ,1998-02-12,0.11
JNJ,1998-05-15,0.125
JNJ,1998-08-14,0.125
JNJ,1998-11-13,0.125
JNJ,1999-02-11,0.125
JNJ,1999-05-14,0.14
JNJ,1999-08-13,0.14
JNJ,1999-11-12,0.14
JNJ,2000-02-11,0.14
JNJ,2000-05-19,0.16
JNJ,2000-08-18,0.16
JNJ,2000-11-17,0.16
JNJ,2001-02-15,0.16
JNJ,2001-05-18,0.18
JNJ,2001-08-17,0.18
JNJ,2001-11-16,0.18
JNJ,2002-02-14,0.18
JNJ,2002-05-17,0.205
JNJ,2002-08-16,0.205
JNJ,2002-11-15,0.205
JNJ,2003-02-13,0.205
JNJ,2003-05-16,0.24
JNJ,2003-08-15,0.24
JNJ,2003-11-14,0.24
JNJ,2004-02-12,0.24
JNJ,2004-05-14,0.285
JNJ,2004-08-13,0.285
JNJ,2004-11-12,0.285
JNJ,2005-02-11,0.285
JNJ,2005-05-13,0.33
JNJ,2005-08-19,0.33
JNJ,2005-11-18,0.33
JNJ,2006-02-24,0.33
JNJ,2006-05-25,0.375
JNJ,2006-08-25,0.375
JNJ,2006-11-24,0.375
JNJ,2007-02-23,0.375
JNJ,2007-05-24,0.415
JNJ,2007-08-24,0.415
JNJ,2007-11-23,0.415
JNJ,2008-02-22,0.415
JNJ,2008-05-22,0.46
JNJ,2008-08-22,0.46
JNJ,2008-11-21,0.46
JNJ,2009-02-20,0.46
JNJ,2009-05-21,0.49
JNJ,2009-08-21,0.49
JNJ,2009-11-20,0.49
JNJ,2010-02-19,0.49
JNJ,2010-05-27,0.54
JNJ,2010-08-27,0.54
JNJ,2010-11-26,0.54
JNJ,2011-02-25,0.54
JNJ,2011-05-26,0.57
JNJ,2011-08-26,0.57
JNJ,2011-11-25,0.57
JNJ,2012-02-24,0.57
JNJ,2012-05-24,0.61
JNJ,2012-08-24,0.61
JNJ,2012-11-23,0.61
JNJ,2013-02-22,0.61
JNJ,2013-05-23,0.66
JNJ,2013-08-23,0.66
JNJ,2013-11-22,0.66
JNJ,2014-02-21,0.66
JNJ,2014-05-22,0.7
JNJ,2014-08-22,0.7
JNJ,2014-11-21,0.7
JNJ,2015-02-20,0.7
JNJ,2015-05-21,0.75
JNJ,2015-08-21,0.75
JNJ,2015-11-20,0.75
JNJ,2016-02-19,0.75
JNJ,2016-05-20,0.8
JNJ,2016-08-19,0.8
JNJ,2016-11-18,0.8
JNJ,2017-02-24,0.8
JNJ,2017-05-25,0.84
JNJ,2017-08-25,0.84
JNJ,2017-11-27,0.84
JNJ,2018-02-26,0.84
JNJ,2018-05-25,0.9
JNJ,2018-08-27,0.9
JNJ,2018-11-26,0.9
JNJ,2019-02-25,0.9
JNJ,2019-05-24,0.95
JNJ,2019-08-26,0.95
JNJ,2019-11-25,0.95
JNJ,2020-02-24,0.95
JNJ,2020-05-22,1.01
JNJ,2020-08-24,1.01
JNJ,2020-11-23,1.01
JNJ,2021-02-22,1.01
JNJ,2021-05-24,1.06
JNJ,2021-08-23,1.06
JNJ,2021-11-22,1.06
JNJ,2022-02-18,1.06
JNJ,2022-05-23,1.13
JNJ,2022-08-22,1.13
JNJ,2022-11-21,1.13
JNJ,2023-02-17,1.13
JNJ,2023-05-22,1.19
JNJ,2023-08-25,1.19
JNJ,2023-11-20,1.19
JNJ,2024-02-16,1.19
JNJ,2024-05-20,1.24
JNJ,2024-08-27,1.24
PFE,1972-08-29,0.003163
PFE,1972-11-28,0.004151
PFE,1973-02-28,0.003163
PFE,1973-05-30,0.003163
PFE,1973-08-28,0.003163
PFE,1973-11-27,0.004349
PFE,1974-03-05,0.00336
PFE,1974-05-29,0.003756
PFE,1974-08-27,0.003756
PFE,1974-11-25,0.004744
PFE,1975-03-04,0.003756
PFE,1975-05-27,0.003756
PFE,1975-09-02,0.003756
PFE,1975-11-28,0.004744
PFE,1976-03-02,0.004151
PFE,1976-06-01,0.004151
PFE,1976-08-31,0.004349
PFE,1976-11-26,0.004349
PFE,1977-03-01,0.004744
PFE,1977-05-31,0.004744
PFE,1977-09-02,0.004744
PFE,1977-11-25,0.005337
PFE,1978-02-28,0.005337
PFE,1978-05-26,0.00593
PFE,1978-08-29,0.00593
PFE,1978-11-22,0.00593
PFE,1979-03-06,0.006523
PFE,1979-05-24,0.006523
PFE,1979-08-28,0.006523
PFE,1979-11-23,0.006523
PFE,1980-03-04,0.007116
PFE,1980-05-29,0.007116
PFE,1980-09-02,0.007116
PFE,1980-11-28,0.007116
PFE,1981-02-11,0.007906
PFE,1981-05-13,0.007906
PFE,1981-08-13,0.007906
PFE,1981-11-13,0.007906
PFE,1982-01-26,0.009092
PFE,1982-05-13,0.009092
PFE,1982-07-27,0.009092
PFE,1982-11-15,0.009092
PFE,1983-01-26,0.011464
PFE,1983-05-13,0.011464
PFE,1983-07-26,0.011464
PFE,1983-11-14,0.011464
PFE,1984-01-26,0.013046
PFE,1984-05-14,0.013046
PFE,1984-07-26,0.013046
PFE,1984-11-13,0.013046
PFE,1985-01-28,0.014627
PFE,1985-05-20,0.014627
PFE,1985-07-26,0.014627
PFE,1985-11-15,0.014627
PFE,1986-01-27,0.016208
PFE,1986-05-14,0.016208
PFE,1986-07-28,0.016208
PFE,1986-11-17,0.016208
PFE,1987-01-26,0.017789
PFE,1987-05-14,0.017789
PFE,1987-07-27,0.017789
PFE,1987-11-16,0.017789
PFE,1988-02-12,0.019766
PFE,1988-05-16,0.019766
PFE,1988-07-25,0.019766
PFE,1988-11-15,0.019766
PFE,1989-01-23,0.021743
PFE,1989-05-15,0.021743
PFE,1989-07-24,0.021743
PFE,1989-11-13,0.021743
PFE,1990-02-05,0.023719
PFE,1990-05-14,0.023719
PFE,1990-08-06,0.023719
PFE,1990-11-09,0.023719
PFE,1991-02-22,0.026091
PFE,1991-05-13,0.026091
PFE,1991-08-01,0.026091
PFE,1991-11-08,0.026091
PFE,1992-02-03,0.029254
PFE,1992-05-11,0.029254
PFE,1992-08-03,0.029254
PFE,1992-11-16,0.029254
PFE,1993-02-08,0.033207
PFE,1993-05-10,0.033207
PFE,1993-08-02,0.033207
PFE,1993-11-05,0.033207
PFE,1994-02-07,0.03716
PFE,1994-05-09,0.03716
PFE,1994-08-01,0.03716
PFE,1994-11-04,0.03716
PFE,1995-02-06,0.041113
PFE,1995-05-08,0.041113
PFE,1995-08-02,0.041113
PFE,1995-11-08,0.041113
PFE,1996-02-07,0.047438
PFE,1996-05-08,0.047438
PFE,1996-07-31,0.047438
PFE,1996-11-06,0.047438
PFE,1997-02-05,0.053763
PFE,1997-05-07,0.053763
PFE,1997-07-30,0.053763
PFE,1997-11-05,0.053763
PFE,1998-02-04,0.060089
PFE,1998-05-06,0.060089
PFE,1998-08-05,0.060089
PFE,1998-11-04,0.060089
PFE,1999-02-10,0.069576
PFE,1999-05-05,0.069576
PFE,1999-08-04,0.075901
PFE,1999-11-09,0.075901
PFE,2000-02-16,0.085389
PFE,2000-05-09,0.085389
PFE,2000-08-16,0.085389
PFE,2000-11-15,0.085389
PFE,2001-02-14,0.104364
PFE,2001-05-16,0.104364
PFE,2001-08-15,0.104364
PFE,2001-11-14,0.104364
PFE,2002-02-13,0.12334
PFE,2002-05-15,0.12334
PFE,2002-08-14,0.12334
PFE,2002-11-13,0.12334
PFE,2003-01-15,0.142315
PFE,2003-05-14,0.142315
PFE,2003-08-13,0.142315
PFE,2003-11-12,0.142315
PFE,2004-02-11,0.16129
PFE,2004-05-12,0.16129
PFE,2004-08-11,0.16129
PFE,2004-11-09,0.16129
PFE,2005-02-09,0.180266
PFE,2005-05-11,0.180266
PFE,2005-08-10,0.180266
PFE,2005-11-08,0.180266
PFE,2006-02-08,0.227704
PFE,2006-05-10,0.227704
PFE,2006-08-09,0.227704
PFE,2006-11-08,0.227704
PFE,2007-02-07,0.275142
PFE,2007-05-09,0.275142
PFE,2007-08-08,0.275142
PFE,2007-11-07,0.275142
PFE,2008-02-06,0.303605
PFE,2008-05-07,0.303605
PFE,2008-08-06,0.303605
PFE,2008-11-05,0.303605
PFE,2009-02-04,0.303605
PFE,2009-05-06,0.151803
PFE,2009-08-05,0.151803
PFE,2009-11-04,0.151803
PFE,2010-02-03,0.170778
PFE,2010-05-05,0.170778
PFE,2010-08-04,0.170778
PFE,2010-11-04,0.170778
PFE,2011-02-02,0.189753
PFE,2011-05-11,0.189753
PFE,2011-08-03,0.189753
PFE,2011-11-08,0.189753
PFE,2012-02-01,0.208729
PFE,2012-05-09,0.208729
PFE,2012-08-01,0.208729
PFE,2012-11-07,0.208729
PFE,2013-01-30,0.227704
PFE,2013-05-08,0.227704
PFE,2013-07-31,0.227704
PFE,2013-11-06,0.227704
PFE,2014-02-05,0.246679
PFE,2014-05-07,0.246679
PFE,2014-07-30,0.246679
PFE,2014-11-05,0.246679
PFE,2015-02-04,0.265655
PFE,2015-05-06,0.265655
PFE,2015-08-05,0.265655
PFE,2015-11-04,0.265655
PFE,2016-02-03,0.28463
PFE,2016-05-11,0.28463
PFE,2016-08-03,0.28463
PFE,2016-11-08,0.28463
PFE,2017-02-01,0.303605
PFE,2017-05-10,0.303605
PFE,2017-08-02,0.303605
PFE,2017-11-09,0.303605
PFE,2018-02-01,0.322581
PFE,2018-05-10,0.322581
PFE,2018-08-02,0.322581
PFE,2018-11-08,0.322581
PFE,2019-01-31,0.341556
PFE,2019-05-09,0.341556
PFE,2019-08-01,0.341556
PFE,2019-11-07,0.341556
PFE,2020-01-30,0.360531
PFE,2020-05-07,0.360531
PFE,2020-07-30,0.360531
PFE,2020-11-05,0.360531
PFE,2021-01-28,0.39
PFE,2021-05-06,0.39
PFE,2021-07-29,0.39
PFE,2021-11-04,0.39
PFE,2022-01-27,0.4
PFE,2022-05-12,0.4
PFE,2022-07-28,0.4
PFE,2022-11-03,0.4
PFE,2023-01-26,0.41
PFE,2023-05-11,0.41
PFE,2023-07-27,0.41
PFE,2023-11-09,0.41
PFE,2024-01-25,0.42
PFE,2024-05-09,0.42
PFE,2024-07-26,0.42
PFE,2024-11-08,0.42
MRK,1962-03-06,0.001767
MRK,1962-06-05,0.001767
MRK,1962-09-05,0.001767
MRK,1962-12-04,0.001988
MRK,1963-03-05,0.001988
MRK,1963-09-03,0.001988
MRK,1963-12-03,0.003092
MRK,1964-03-10,0.002209
MRK,1964-06-09,0.002385
MRK,1964-09-08,0.002385
MRK,1964-12-01,0.006626
MRK,1965-03-09,0.003313
MRK,1965-06-08,0.003313
MRK,1965-09-07,0.003313
MRK,1965-11-30,0.006626
MRK,1966-03-08,0.003976
MRK,1966-06-07,0.003976
MRK,1966-09-06,0.003976
MRK,1966-11-30,0.007289
MRK,1967-03-07,0.004638
MRK,1967-06-06,0.004638
MRK,1967-09-05,0.004638
MRK,1967-12-07,0.007952
MRK,1968-03-04,0.005301
MRK,1968-06-04,0.005301
MRK,1968-08-30,0.005301
MRK,1968-12-02,0.008614
MRK,1969-03-03,0.005964
MRK,1969-06-03,0.005964
MRK,1969-09-02,0.005964
MRK,1969-12-01,0.009277
MRK,1970-06-02,0.006626
MRK,1970-09-02,0.006626
MRK,1970-12-01,0.007289
MRK,1971-03-02,0.007289
MRK,1971-06-07,0.007289
MRK,1971-09-03,0.007289
MRK,1971-12-06,0.007289
MRK,1972-03-02,0.007289
MRK,1972-06-09,0.007289
MRK,1972-12-05,0.007819
MRK,1973-03-05,0.007819
MRK,1973-06-05,0.007819
MRK,1973-08-31,0.007819
MRK,1973-12-03,0.009277
MRK,1974-03-04,0.009277
MRK,1974-06-03,0.009277
MRK,1974-08-30,0.009277
MRK,1975-03-03,0.009277
MRK,1975-06-02,0.009277
MRK,1975-08-29,0.009277
MRK,1975-12-01,0.009277
MRK,1976-03-02,0.009277
MRK,1976-06-01,0.009277
MRK,1976-08-30,0.009277
MRK,1976-11-30,0.00994
MRK,1977-03-01,0.00994
MRK,1977-05-31,0.00994
MRK,1977-08-29,0.00994
MRK,1977-11-28,0.011265
MRK,1978-03-02,0.011265
MRK,1978-05-26,0.011265
MRK,1978-08-28,0.011265
MRK,1978-12-04,0.01259
MRK,1979-03-01,0.01259
MRK,1979-05-25,0.01259
MRK,1979-08-31,0.01259
MRK,1979-12-03,0.015241
MRK,1980-02-28,0.015241
MRK,1980-06-02,0.015241
MRK,1980-08-29,0.015241
MRK,1980-12-02,0.017229
MRK,1981-03-02,0.017229
MRK,1981-06-01,0.017229
MRK,1981-08-31,0.017229
MRK,1981-12-01,0.018554
MRK,1982-03-01,0.018554
MRK,1982-06-01,0.018554
MRK,1982-08-30,0.018554
MRK,1982-11-30,0.018554
MRK,1983-02-28,0.018554
MRK,1983-05-31,0.018554
MRK,1983-08-29,0.018554
MRK,1983-11-29,0.019879
MRK,1984-03-01,0.019879
MRK,1984-05-29,0.019879
MRK,1984-08-31,0.019879
MRK,1984-12-03,0.021204
MRK,1985-02-28,0.021204
MRK,1985-06-03,0.021204
MRK,1985-08-30,0.021204
MRK,1985-12-03,0.023855
MRK,1986-02-27,0.023855
MRK,1986-06-03,0.023855
MRK,1986-09-02,0.029156
MRK,1986-12-02,0.029156
MRK,1987-03-02,0.029156
MRK,1987-06-02,0.029156
MRK,1987-08-28,0.042409
MRK,1987-12-01,0.042409
MRK,1988-02-29,0.050891
MRK,1988-06-03,0.050891
MRK,1988-08-29,0.046915
MRK,1988-11-29,0.058842
MRK,1989-03-02,0.065204
MRK,1989-05-30,0.065204
MRK,1989-08-29,0.071565
MRK,1989-12-04,0.071565
MRK,1990-03-05,0.071565
MRK,1990-05-29,0.071565
MRK,1990-08-28,0.089059
MRK,1990-12-03,0.089059
MRK,1991-03-04,0.089059
MRK,1991-06-03,0.089059
MRK,1991-08-30,0.100191
MRK,1991-12-02,0.100191
MRK,1992-03-02,0.109733
MRK,1992-06-02,0.109733
MRK,1992-08-31,0.119275
MRK,1992-12-02,0.119275
MRK,1993-03-02,0.119275
MRK,1993-06-02,0.119275
MRK,1993-09-02,0.133588
MRK,1993-12-02,0.133588
MRK,1994-03-02,0.133588
MRK,1994-06-02,0.133588
MRK,1994-09-02,0.14313
MRK,1994-12-02,0.14313
MRK,1995-03-03,0.14313
MRK,1995-06-02,0.14313
MRK,1995-09-05,0.162214
MRK,1995-12-06,0.162214
MRK,1996-03-06,0.162214
MRK,1996-06-06,0.162214
MRK,1996-09-04,0.19084
MRK,1996-12-05,0.19084
MRK,1997-03-05,0.200382
MRK,1997-06-05,0.200382
MRK,1997-09-03,0.214695
MRK,1997-12-03,0.214695
MRK,1998-03-04,0.214695
MRK,1998-06-03,0.214695
MRK,1998-09-02,0.257634
MRK,1998-12-02,0.257634
MRK,1999-03-03,0.257634
MRK,1999-06-02,0.257634
MRK,1999-09-01,0.276718
MRK,1999-12-01,0.276718
MRK,2000-03-01,0.276718
MRK,2000-05-31,0.276718
MRK,2000-08-30,0.324427
MRK,2000-12-06,0.324427
MRK,2001-03-07,0.324427
MRK,2001-05-31,0.324427
MRK,2001-08-30,0.333969
MRK,2001-12-05,0.333969
MRK,2002-03-06,0.333969
MRK,2002-06-05,0.333969
MRK,2002-09-04,0.343511
MRK,2002-12-04,0.343511
MRK,2003-03-05,0.343511
MRK,2003-06-04,0.343511
MRK,2003-08-20,2.744275
MRK,2003-09-03,0.353053
MRK,2003-12-03,0.353053
MRK,2004-03-03,0.353053
MRK,2004-06-02,0.353053
MRK,2004-09-01,0.362595
MRK,2004-12-01,0.362595
MRK,2005-03-02,0.362595
MRK,2005-06-01,0.362595
MRK,2005-08-31,0.362595
MRK,2005-11-30,0.362595
MRK,2006-03-08,0.362595
MRK,2006-05-31,0.362595
MRK,2006-08-30,0.362595
MRK,2006-12-06,0.362595
MRK,2007-03-07,0.362595
MRK,2007-06-06,0.362595
MRK,2007-09-05,0.362595
MRK,2007-12-05,0.362595
MRK,2008-03-05,0.362595
MRK,2008-06-04,0.362595
MRK,2008-09-03,0.362595
MRK,2008-12-03,0.362595
MRK,2009-03-04,0.362595
MRK,2009-06-04,0.362595
MRK,2009-09-02,0.362595
MRK,2009-12-11,0.362595
MRK,2010-03-11,0.362595
MRK,2010-06-11,0.362595
MRK,2010-09-13,0.362595
MRK,2010-12-13,0.362595
MRK,2011-03-11,0.362595
MRK,2011-06-13,0.362595
MRK,2011-09-13,0.362595
MRK,2011-12-13,0.400763
MRK,2012-03-13,0.400763
MRK,2012-06-13,0.400763
MRK,2012-09-13,0.400763
MRK,2012-12-13,0.410305
MRK,2013-03-13,0.410305
MRK,2013-06-13,0.410305
MRK,2013-09-12,0.410305
MRK,2013-12-12,0.419847
MRK,2014-03-13,0.419847
MRK,2014-06-12,0.419847
MRK,2014-09-11,0.419847
MRK,2014-12-11,0.429389
MRK,2015-03-12,0.429389
MRK,2015-06-11,0.429389
MRK,2015-09-11,0.429389
MRK,2015-12-11,0.438931
MRK,2016-03-11,0.438931
MRK,2016-06-13,0.438931
MRK,2016-09-13,0.438931
MRK,2016-12-13,0.448473
MRK,2017-03-13,0.448473
MRK,2017-06-13,0.448473
MRK,2017-09-14,0.448473
MRK,2017-12-14,0.458015
MRK,2018-03-14,0.458015
MRK,2018-06-14,0.458015
MRK,2018-09-14,0.458015
MRK,2018-12-14,0.524809
MRK,2019-03-14,0.524809
MRK,2019-06-14,0.524809
MRK,2019-09-13,0.524809
MRK,2019-12-13,0.582061
MRK,2020-03-13,0.582061
MRK,2020-06-12,0.582061
MRK,2020-09-14,0.582061
MRK,2020-12-14,0.620229
MRK,2021-03-12,0.620229
MRK,2021-06-14,0.65
MRK,2021-09-14,0.65
MRK,2021-12-14,0.69
MRK,2022-03-14,0.69
MRK,2022-06-14,0.69
MRK,2022-09-14,0.69
MRK,2022-12-14,0.73
MRK,2023-03-14,0.73
MRK,2023-06-14,0.73
MRK,2023-09-14,0.73
MRK,2023-12-14,0.77
MRK,2024-03-14,0.77
MRK,2024-06-17,0.77
MRK,2024-09-16,0.77
UNH,1990-08-27,0.000219
UNH,1991-05-24,0.000219
UNH,1992-04-10,0.000938
UNH,1993-03-26,0.000438
UNH,1994-03-25,0.00375
UNH,1995-03-28,0.00375
UNH,1996-04-01,0.001
UNH,1997-04-01,0.00375
UNH,1998-03-30,0.00375
UNH,1999-03-30,0.001
UNH,2000-03-30,0.00375
UNH,2001-03-29,0.0075
UNH,2002-03-27,0.0075
UNH,2003-03-28,0.0075
UNH,2004-03-30,0.015
UNH,2005-03-30,0.015
UNH,2006-03-30,0.03
UNH,2007-03-29,0.03
UNH,2008-03-31,0.03
UNH,2009-03-31,0.03
UNH,2010-04-01,0.03
UNH,2010-06-03,0.125
UNH,2010-09-10,0.125
UNH,2010-12-03,0.125
UNH,2011-03-03,0.125
UNH,2011-06-03,0.163
UNH,2011-09-02,0.163
UNH,2011-12-05,0.163
UNH,2012-03-01,0.163
UNH,2012-06-13,0.213
UNH,2012-09-12,0.213
UNH,2012-12-07,0.213
UNH,2013-03-13,0.212
UNH,2013-06-13,0.28
UNH,2013-09-11,0.28
UNH,2013-12-04,0.28
UNH,2014-03-12,0.28
UNH,2014-06-12,0.375
UNH,2014-09-10,0.375
UNH,2014-12-03,0.375
UNH,2015-03-11,0.375
UNH,2015-06-11,0.5
UNH,2015-09-09,0.5
UNH,2015-12-02,0.5
UNH,2016-03-09,0.5
UNH,2016-06-15,0.625
UNH,2016-09-07,0.625
UNH,2016-11-30,0.625
UNH,2017-03-08,0.625
UNH,2017-06-15,0.75
UNH,2017-09-07,0.75
UNH,2017-11-30,0.75
UNH,2018-03-08,0.75
UNH,2018-06-15,0.9
UNH,2018-09-06,0.9
UNH,2018-11-30,0.9
UNH,2019-03-08,0.9
UNH,2019-06-14,1.08
UNH,2019-09-13,1.08
UNH,2019-12-06,1.08
UNH,2020-03-13,1.08
UNH,2020-06-19,1.25
UNH,2020-09-11,1.25
UNH,2020-12-04,1.25
UNH,2021-03-12,1.25
UNH,2021-06-18,1.45
UNH,2021-09-10,1.45
UNH,2021-12-03,1.45
UNH,2022-03-11,1.45
UNH,2022-06-16,1.65
UNH,2022-09-09,1.65
UNH,2022-12-02,1.65
UNH,2023-03-10,1.65
UNH,2023-06-15,1.88
UNH,2023-09-08,1.88
UNH,2023-12-01,1.88
UNH,2024-03-08,1.88
UNH,2024-06-17,2.1
UNH,2024-09-16,2.1
JPM,1984-03-09,0.196667
JPM,1984-06-11,0.196667
JPM,1984-09-10,0.196667
JPM,1984-12-10,0.196667
JPM,1985-03-11,0.206667
JPM,1985-06-10,0.206667
JPM,1985-09-09,0.206667
JPM,1985-12-09,0.206667
JPM,1986-03-10,0.216667
JPM,1986-06-09,0.216667
JPM,1986-09-09,0.216667
JPM,1986-12-09,0.216667
JPM,1987-03-09,0.226667
JPM,1987-06-09,0.226667
JPM,1987-09-09,0.226667
JPM,1987-12-09,0.226667
JPM,1988-03-09,0.226667
JPM,1988-06-09,0.226667
JPM,1988-09-09,0.226667
JPM,1988-12-09,0.226667
JPM,1989-03-09,0.226667
JPM,1989-06-09,0.226667
JPM,1989-09-11,0.226667
JPM,1989-12-11,0.226667
JPM,1990-03-09,0.226667
JPM,1990-06-11,0.226667
JPM,1990-09-10,0.226667
JPM,1990-12-10,0.083333
JPM,1991-03-11,0.083333
JPM,1991-06-10,0.083333
JPM,1991-09-09,0.083333
JPM,1991-12-09,0.083333
JPM,1991-12-23,0.016333
JPM,1992-03-31,0.1
JPM,1992-06-29,0.1
JPM,1992-09-30,0.1
JPM,1992-12-30,0.1
JPM,1993-03-31,0.11
JPM,1993-06-29,0.11
JPM,1993-09-30,0.11
JPM,1993-12-31,0.126667
JPM,1994-03-30,0.126667
JPM,1994-06-29,0.126667
JPM,1994-09-30,0.146667
JPM,1994-12-30,0.146667
JPM,1995-03-31,0.146667
JPM,1995-07-03,0.166667
JPM,1995-10-04,0.166667
JPM,1996-01-03,0.166667
JPM,1996-04-02,0.062333
JPM,1996-07-02,0.186667
JPM,1996-10-02,0.186667
JPM,1997-01-02,0.186667
JPM,1997-04-02,0.206667
JPM,1997-07-01,0.206667
JPM,1997-10-02,0.206667
JPM,1998-01-02,0.206667
JPM,1998-04-02,0.24
JPM,1998-07-01,0.24
JPM,1998-10-02,0.24
JPM,1999-01-04,0.24
JPM,1999-04-01,0.273333
JPM,1999-07-01,0.273333
JPM,1999-10-04,0.273333
JPM,2000-01-04,0.273333
JPM,2000-04-04,0.32
JPM,2000-07-03,0.32
JPM,2000-10-04,0.32
JPM,2001-01-03,0.32
JPM,2001-04-04,0.34
JPM,2001-07-03,0.34
JPM,2001-10-03,0.34
JPM,2002-01-02,0.34
JPM,2002-04-03,0.34
JPM,2002-07-02,0.34
JPM,2002-10-02,0.34
JPM,2003-01-02,0.34
JPM,2003-04-02,0.34
JPM,2003-07-01,0.34
JPM,2003-10-02,0.34
JPM,2004-01-02,0.34
JPM,2004-04-02,0.34
JPM,2004-07-01,0.34
JPM,2004-10-04,0.34
JPM,2005-01-04,0.34
JPM,2005-04-04,0.34
JPM,2005-07-01,0.34
JPM,2005-10-04,0.34
JPM,2006-01-04,0.34
JPM,2006-04-04,0.34
JPM,2006-07-03,0.34
JPM,2006-10-04,0.34
JPM,2007-01-03,0.34
JPM,2007-04-03,0.34
JPM,2007-07-03,0.38
JPM,2007-10-03,0.38
JPM,2008-01-02,0.38
JPM,2008-04-02,0.38
JPM,2008-07-01,0.38
JPM,2008-10-02,0.38
JPM,2009-01-02,0.38
JPM,2009-04-02,0.05
JPM,2009-07-01,0.05
JPM,2009-10-02,0.05
JPM,2010-01-04,0.05
JPM,2010-04-01,0.05
JPM,2010-07-01,0.05
JPM,2010-10-04,0.05
JPM,2011-01-04,0.05
JPM,2011-04-04,0.25
JPM,2011-07-01,0.25
JPM,2011-10-04,0.25
JPM,2012-01-04,0.25
JPM,2012-04-03,0.3
JPM,2012-07-03,0.3
JPM,2012-10-03,0.3
JPM,2013-01-02,0.3
JPM,2013-04-03,0.3
JPM,2013-07-02,0.38
JPM,2013-10-02,0.38
JPM,2014-01-02,0.38
JPM,2014-04-02,0.38
JPM,2014-07-01,0.4
JPM,2014-10-02,0.4
JPM,2015-01-02,0.4
JPM,2015-04-01,0.4
JPM,2015-07-01,0.44
JPM,2015-10-02,0.44
JPM,2016-01-04,0.44
JPM,2016-04-04,0.44
JPM,2016-07-01,0.48
JPM,2016-10-04,0.48
JPM,2017-01-04,0.48
JPM,2017-04-04,0.5
JPM,2017-07-03,0.5
JPM,2017-10-05,0.56
JPM,2018-01-04,0.56
JPM,2018-04-05,0.56
JPM,2018-07-05,0.56
JPM,2018-10-04,0.8
JPM,2019-01-03,0.8
JPM,2019-04-04,0.8
JPM,2019-07-03,0.8
JPM,2019-10-03,0.9
JPM,2020-01-03,0.9
JPM,2020-04-03,0.9
JPM,2020-07-02,0.9
JPM,2020-10-05,0.9
JPM,2021-01-05,0.9
JPM,2021-04-05,0.9
JPM,2021-07-02,0.9
JPM,2021-10-05,1.0
JPM,2022-01-05,1.0
JPM,2022-04-05,1.0
JPM,2022-07-05,1.0
JPM,2022-10-05,1.0
JPM,2023-01-05,1.0
JPM,2023-04-05,1.0
JPM,2023-07-05,1.0
JPM,2023-10-05,1.05
JPM,2024-01-04,1.05
JPM,2024-04-04,1.15
JPM,2024-07-05,1.15
JPM,2024-10-04,1.25
BAC,1986-06-02,0.0475
BAC,1986-08-29,0.0475
BAC,1986-12-01,0.0525
BAC,1987-03-02,0.0525
BAC,1987-06-01,0.0525
BAC,1987-08-31,0.0525
BAC,1987-11-30,0.0575
BAC,1988-02-29,0.0575
BAC,1988-05-27,0.0575
BAC,1988-08-29,0.0575
BAC,1988-11-28,0.0625
BAC,1989-02-27,0.0625
BAC,1989-05-26,0.0625
BAC,1989-08-28,0.075
BAC,1989-11-27,0.075
BAC,1990-02-26,0.0875
BAC,1990-05-25,0.0875
BAC,1990-08-31,0.0875
BAC,1990-12-03,0.0925
BAC,1991-03-04,0.0925
BAC,1991-06-03,0.0925
BAC,1991-08-30,0.0925
BAC,1991-12-02,0.0925
BAC,1992-03-02,0.0925
BAC,1992-06-01,0.0925
BAC,1992-08-31,0.0925
BAC,1992-11-30,0.1
BAC,1993-03-01,0.1
BAC,1993-05-28,0.1
BAC,1993-08-30,0.105
BAC,1993-11-29,0.105
BAC,1994-02-28,0.115
BAC,1994-05-27,0.115
BAC,1994-08-29,0.115
BAC,1994-11-28,0.125
BAC,1995-02-27,0.125
BAC,1995-05-26,0.125
BAC,1995-08-30,0.125
BAC,1995-11-29,0.145
BAC,1996-02-28,0.145
BAC,1996-06-05,0.145
BAC,1996-09-04,0.145
BAC,1996-12-04,0.165
BAC,1997-03-05,0.165
BAC,1997-06-04,0.165
BAC,1997-09-03,0.165
BAC,1997-12-03,0.19
BAC,1998-03-04,0.19
BAC,1998-06-03,0.19
BAC,1998-09-02,0.19
BAC,1998-12-02,0.225
BAC,1999-03-03,0.225
BAC,1999-06-02,0.225
BAC,1999-09-01,0.225
BAC,1999-12-01,0.25
BAC,2000-03-01,0.25
BAC,2000-05-31,0.25
BAC,2000-08-30,0.25
BAC,2000-11-29,0.28
BAC,2001-02-28,0.28
BAC,2001-05-30,0.28
BAC,2001-09-05,0.28
BAC,2001-12-05,0.3
BAC,2002-02-27,0.3
BAC,2002-06-05,0.3
BAC,2002-09-04,0.3
BAC,2002-12-04,0.32
BAC,2003-03-05,0.32
BAC,2003-06-04,0.32
BAC,2003-09-03,0.4
BAC,2003-12-03,0.4
BAC,2004-03-03,0.4
BAC,2004-06-02,0.4
BAC,2004-09-01,0.45
BAC,2004-12-01,0.45
BAC,2005-03-02,0.45
BAC,2005-06-01,0.45
BAC,2005-08-31,0.5
BAC,2005-11-30,0.5
BAC,2006-03-01,0.5
BAC,2006-05-31,0.5
BAC,2006-08-30,0.56
BAC,2006-11-29,0.56
BAC,2007-02-28,0.56
BAC,2007-05-30,0.56
BAC,2007-09-05,0.64
BAC,2007-12-05,0.64
BAC,2008-03-05,0.64
BAC,2008-06-04,0.64
BAC,2008-09-03,0.64
BAC,2008-12-03,0.32
BAC,2009-03-04,0.01
BAC,2009-06-03,0.01
BAC,2009-09-02,0.01
BAC,2009-12-02,0.01
BAC,2010-03-03,0.01
BAC,2010-06-02,0.01
BAC,2010-09-01,0.01
BAC,2010-12-01,0.01
BAC,2011-03-02,0.01
BAC,2011-06-01,0.01
BAC,2011-08-31,0.01
BAC,2011-11-30,0.01
BAC,2012-02-29,0.01
BAC,2012-05-30,0.01
BAC,2012-09-05,0.01
BAC,2012-12-05,0.01
BAC,2013-02-27,0.01
BAC,2013-06-05,0.01
BAC,2013-09-04,0.01
BAC,2013-12-04,0.01
BAC,2014-03-05,0.01
BAC,2014-06-20,0.01
BAC,2014-09-03,0.05
BAC,2014-12-03,0.05
BAC,2015-03-04,0.05
BAC,2015-06-03,0.05
BAC,2015-09-02,0.05
BAC,2015-12-02,0.05
BAC,2016-03-02,0.05
BAC,2016-06-01,0.05
BAC,2016-08-31,0.075
BAC,2016-11-30,0.075
BAC,2017-03-01,0.075
BAC,2017-05-31,0.075
BAC,2017-08-30,0.12
BAC,2017-11-30,0.12
BAC,2018-03-01,0.12
BAC,2018-05-31,0.12
BAC,2018-09-06,0.15
BAC,2018-12-06,0.15
BAC,2019-02-28,0.15
BAC,2019-06-06,0.15
BAC,2019-09-05,0.18
BAC,2019-12-05,0.18
BAC,2020-03-05,0.18
BAC,2020-06-04,0.18
BAC,2020-09-03,0.18
BAC,2020-12-03,0.18
BAC,2021-03-04,0.18
BAC,2021-06-03,0.18
BAC,2021-09-02,0.21
BAC,2021-12-02,0.21
BAC,2022-03-03,0.21
BAC,2022-06-02,0.21
BAC,2022-09-01,0.22
BAC,2022-12-01,0.22
BAC,2023-03-02,0.22
BAC,2023-06-01,0.22
BAC,2023-08-31,0.24
BAC,2023-11-30,0.24
BAC,2024-02-29,0.24
BAC,2024-06-07,0.24
BAC,2024-09-06,0.26
C,1987-04-06,0.332
C,1987-07-06,0.332
C,1987-10-05,0.332
C,1988-01-04,0.332
C,1988-04-04,0.332
C,1988-07-01,0.332
C,1988-10-03,0.332
C,1989-01-31,0.0581
C,1989-05-02,0.0581
C,1989-08-01,0.0581
C,1989-10-31,0.0664
C,1990-01-30,0.0664
C,1990-05-01,0.0664
C,1990-07-31,0.083
C,1990-10-30,0.083
C,1991-01-29,0.083
C,1991-04-30,0.083
C,1991-07-30,0.10375
C,1991-10-29,0.10375
C,1992-01-28,0.10375
C,1992-04-28,0.166
C,1992-07-28,0.166
C,1992-11-03,0.166
C,1993-02-02,0.1992
C,1993-05-04,0.1992
C,1993-08-03,0.207915
C,1993-11-02,0.2075
C,1994-02-01,0.2075
C,1994-05-03,0.249
C,1994-08-02,0.249
C,1994-11-01,0.249
C,1995-01-31,0.332
C,1995-05-02,0.332
C,1995-08-03,0.332
C,1995-11-02,0.333333
C,1996-02-01,0.375
C,1996-05-02,0.375
C,1996-08-01,0.375
C,1996-10-31,0.375
C,1997-01-30,0.5
C,1997-05-01,0.5
C,1997-07-31,0.5
C,1997-10-30,0.5
C,1998-02-05,0.625
C,1998-04-30,0.625
C,1998-07-30,0.625
C,1998-10-29,0.9
C,1999-01-28,0.9
C,1999-04-29,1.05
C,1999-07-29,1.05
C,1999-10-28,1.05
C,2000-02-03,1.2
C,2000-04-27,1.2
C,2000-08-03,1.395
C,2000-11-02,1.4
C,2001-02-01,1.4
C,2001-05-03,1.4
C,2001-08-02,1.6
C,2001-11-01,1.6
C,2002-01-31,1.6
C,2002-05-02,1.8
C,2002-08-01,1.8
C,2002-08-21,24.15
C,2002-10-31,1.8
C,2003-01-30,2.0
C,2003-05-01,2.0
C,2003-07-31,3.5
C,2003-10-30,3.5
C,2004-01-29,4.0
C,2004-04-29,4.0
C,2004-07-29,4.0
C,2004-10-28,4.0
C,2005-02-03,4.4
C,2005-04-28,4.4
C,2005-07-28,4.4
C,2005-11-03,4.4
C,2006-02-02,4.9
C,2006-04-27,4.9
C,2006-08-03,4.9
C,2006-11-02,4.9
C,2007-02-01,5.4
C,2007-05-03,5.4
C,2007-08-02,5.4
C,2007-11-01,5.4
C,2008-01-31,3.2
C,2008-05-01,3.2
C,2008-07-31,3.2
C,2008-10-30,1.6
C,2009-01-29,0.1
C,2011-05-25,0.01
C,2011-07-28,0.01
C,2011-11-03,0.01
C,2012-02-02,0.01
C,2012-05-03,0.01
C,2012-08-02,0.01
C,2012-11-01,0.01
C,2013-01-31,0.01
C,2013-05-02,0.01
C,2013-08-01,0.01
C,2013-10-31,0.01
C,2014-01-30,0.01
C,2014-05-01,0.01
C,2014-07-31,0.01
C,2014-10-30,0.01
C,2015-01-29,0.01
C,2015-05-07,0.05
C,2015-07-30,0.05
C,2015-10-29,0.05
C,2016-01-28,0.05
C,2016-04-28,0.05
C,2016-07-28,0.16
C,2016-11-03,0.16
C,2017-02-02,0.16
C,2017-04-27,0.16
C,2017-08-03,0.32
C,2017-11-03,0.32
C,2018-02-02,0.32
C,2018-05-04,0.32
C,2018-08-03,0.45
C,2018-11-02,0.45
C,2019-02-01,0.45
C,2019-05-03,0.45
C,2019-08-02,0.51
C,2019-11-01,0.51
C,2020-01-31,0.51
C,2020-05-01,0.51
C,2020-07-31,0.51
C,2020-10-30,0.51
C,2021-01-29,0.51
C,2021-04-30,0.51
C,2021-07-30,0.51
C,2021-10-29,0.51
C,2022-02-04,0.51
C,2022-04-29,0.51
C,2022-07-29,0.51
C,2022-11-04,0.51
C,2023-02-03,0.51
C,2023-04-28,0.51
C,2023-08-04,0.53
C,2023-11-03,0.53
C,2024-02-02,0.53
C,2024-05-03,0.53
C,2024-08-05,0.56
C,2024-11-04,0.56
GS,1999-08-10,0.12
GS,1999-10-21,0.12
GS,2000-01-20,0.12
GS,2000-04-19,0.12
GS,2000-07-20,0.12
GS,2000-10-19,0.12
GS,2001-01-18,0.12
GS,2001-04-20,0.12
GS,2001-07-27,0.12
GS,2001-10-25,0.12
GS,2002-01-17,0.12
GS,2002-04-26,0.12
GS,2002-07-26,0.12
GS,2002-10-24,0.12
GS,2002-12-26,0.12
GS,2003-01-24,0.12
GS,2003-04-25,0.12
GS,2003-07-25,0.25
GS,2003-10-23,0.25
GS,2004-01-23,0.25
GS,2004-04-23,0.25
GS,2004-07-23,0.25
GS,2004-10-21,0.25
GS,2005-01-21,0.25
GS,2005-04-22,0.25
GS,2005-07-22,0.25
GS,2005-10-20,0.25
GS,2006-01-20,0.25
GS,2006-04-21,0.35
GS,2006-07-21,0.35
GS,2006-10-19,0.35
GS,2007-01-19,0.35
GS,2007-04-20,0.35
GS,2007-07-27,0.35
GS,2007-10-25,0.35
GS,2008-01-25,0.35
GS,2008-04-25,0.35
GS,2008-07-25,0.35
GS,2008-10-23,0.35
GS,2009-02-20,0.467
GS,2009-05-21,0.35
GS,2009-08-21,0.35
GS,2009-11-30,0.35
GS,2010-02-26,0.35
GS,2010-05-27,0.35
GS,2010-08-30,0.35
GS,2010-11-30,0.35
GS,2011-02-28,0.35
GS,2011-05-27,0.35
GS,2011-08-30,0.35
GS,2011-11-29,0.35
GS,2012-02-28,0.35
GS,2012-05-29,0.46
GS,2012-08-28,0.46
GS,2012-11-28,0.5
GS,2013-02-26,0.5
GS,2013-05-28,0.5
GS,2013-08-28,0.5
GS,2013-11-27,0.55
GS,2014-02-26,0.55
GS,2014-05-28,0.55
GS,2014-08-27,0.55
GS,2014-11-28,0.6
GS,2015-02-26,0.6
GS,2015-05-28,0.65
GS,2015-08-28,0.65
GS,2015-11-30,0.65
GS,2016-02-29,0.65
GS,2016-05-27,0.65
GS,2016-08-30,0.65
GS,2016-11-29,0.65
GS,2017-02-28,0.65
GS,2017-05-30,0.75
GS,2017-08-29,0.75
GS,2017-11-29,0.75
GS,2018-02-28,0.75
GS,2018-05-30,0.8
GS,2018-08-29,0.8
GS,2018-11-29,0.8
GS,2019-02-27,0.8
GS,2019-05-29,0.85
GS,2019-08-29,1.25
GS,2019-11-29,1.25
GS,2020-02-28,1.25
GS,2020-05-29,1.25
GS,2020-08-31,1.25
GS,2020-12-01,1.25
GS,2021-03-01,1.25
GS,2021-05-28,1.25
GS,2021-08-31,2.0
GS,2021-12-01,2.0
GS,2022-03-01,2.0
GS,2022-05-31,2.0
GS,2022-08-31,2.5
GS,2022-11-30,2.5
GS,2023-03-01,2.5
GS,2023-05-31,2.5
GS,2023-08-30,2.75
GS,2023-11-29,2.75
GS,2024-02-28,2.75
GS,2024-05-30,2.75
GS,2024-08-30,3.0
MS,1993-05-25,0.025
MS,1993-08-26,0.025
MS,1993-11-24,0.025
MS,1994-02-23,0.03125
MS,1994-05-25,0.03125
MS,1994-08-26,0.03125
MS,1994-11-25,0.03125
MS,1995-02-23,0.04
MS,1995-05-25,0.04
MS,1995-08-30,0.04
MS,1995-11-29,0.04
MS,1996-02-28,0.055
MS,1996-05-30,0.055
MS,1996-08-29,0.055
MS,1996-11-27,0.055
MS,1997-02-27,0.07
MS,1997-05-22,0.07
MS,1997-07-10,0.07
MS,1997-10-09,0.07
MS,1998-01-15,0.1
MS,1998-04-13,0.1
MS,1998-07-14,0.1
MS,1998-10-13,0.1
MS,1999-01-14,0.12
MS,1999-04-14,0.12
MS,1999-07-14,0.12
MS,1999-10-13,0.12
MS,2000-01-10,0.2
MS,2000-04-12,0.2
MS,2000-07-05,0.2
MS,2000-10-04,0.2
MS,2001-01-10,0.23
MS,2001-04-04,0.23
MS,2001-07-03,0.23
MS,2001-10-03,0.23
MS,2002-01-09,0.23
MS,2002-04-03,0.23
MS,2002-07-02,0.23
MS,2002-10-02,0.23
MS,2003-01-08,0.23
MS,2003-04-09,0.23
MS,2003-07-09,0.23
MS,2003-10-08,0.23
MS,2004-01-07,0.25
MS,2004-04-06,0.25
MS,2004-07-07,0.25
MS,2004-10-06,0.25
MS,2005-01-12,0.27
MS,2005-04-13,0.27
MS,2005-07-13,0.27
MS,2005-10-12,0.27
MS,2006-01-11,0.27
MS,2006-04-11,0.27
MS,2006-07-12,0.27
MS,2006-10-11,0.27
MS,2007-01-10,0.27
MS,2007-04-11,0.27
MS,2007-07-02,14.25
MS,2007-07-11,0.27
MS,2007-10-10,0.27
MS,2008-01-09,0.27
MS,2008-04-09,0.27
MS,2008-07-09,0.27
MS,2008-10-15,0.27
MS,2009-01-28,0.27
MS,2009-04-28,0.067
MS,2009-07-29,0.05
MS,2009-10-28,0.05
MS,2010-01-27,0.05
MS,2010-04-28,0.05
MS,2010-07-28,0.05
MS,2010-10-27,0.05
MS,2011-01-27,0.05
MS,2011-04-27,0.05
MS,2011-07-27,0.05
MS,2011-10-27,0.05
MS,2012-01-27,0.05
MS,2012-04-26,0.05
MS,2012-07-27,0.05
MS,2012-10-31,0.05
MS,2013-02-01,0.05
MS,2013-04-26,0.05
MS,2013-07-29,0.05
MS,2013-10-29,0.05
MS,2014-01-29,0.05
MS,2014-04-28,0.1
MS,2014-07-29,0.1
MS,2014-10-29,0.1
MS,2015-01-28,0.1
MS,2015-04-28,0.15
MS,2015-07-29,0.15
MS,2015-10-28,0.15
MS,2016-01-27,0.15
MS,2016-04-27,0.15
MS,2016-07-27,0.2
MS,2016-10-27,0.2
MS,2017-01-27,0.2
MS,2017-04-27,0.2
MS,2017-07-27,0.25
MS,2017-10-30,0.25
MS,2018-01-30,0.25
MS,2018-04-27,0.25
MS,2018-07-30,0.3
MS,2018-10-30,0.3
MS,2019-01-30,0.3
MS,2019-04-29,0.3
MS,2019-07-30,0.35
MS,2019-10-30,0.35
MS,2020-01-30,0.35
MS,2020-04-29,0.35
MS,2020-07-30,0.35
MS,2020-10-29,0.35
MS,2021-01-28,0.35
MS,2021-04-29,0.35
MS,2021-07-29,0.7
MS,2021-10-28,0.7
MS,2022-01-28,0.7
MS,2022-04-28,0.7
MS,2022-07-28,0.775
MS,2022-10-28,0.775
MS,2023-01-30,0.775
MS,2023-04-28,0.775
MS,2023-07-28,0.85
MS,2023-10-30,0.85
MS,2024-01-30,0.85
MS,2024-04-29,0.85
MS,2024-07-31,0.925
MS,2024-10-31,0.925
PG,1962-01-16,0.005859
PG,1962-04-16,0.005859
PG,1962-07-17,0.005859
PG,1962-10-16,0.005859
PG,1963-01-15,0.00625
PG,1963-04-16,0.00625
PG,1963-07-16,0.00625
PG,1963-10-15,0.00625
PG,1964-01-21,0.006844
PG,1964-04-21,0.006844
PG,1964-07-21,0.006844
PG,1964-10-20,0.006844
PG,1965-01-19,0.007234
PG,1965-04-20,0.007234
PG,1965-07-20,0.007234
PG,1965-10-19,0.007234
PG,1966-01-18,0.007813
PG,1966-04-19,0.007813
PG,1966-07-19,0.007813
PG,1966-10-18,0.007813
PG,1967-01-17,0.008594
PG,1967-04-18,0.008594
PG,1967-07-18,0.008594
PG,1967-10-17,0.008594
PG,1968-01-16,0.009375
PG,1968-04-15,0.009375
PG,1968-07-15,0.009375
PG,1968-10-14,0.009375
PG,1969-01-20,0.010156
PG,1969-04-14,0.010156
PG,1969-07-14,0.010156
PG,1969-10-20,0.010156
PG,1970-01-19,0.010156
PG,1970-04-20,0.010938
PG,1970-07-20,0.010938
PG,1970-10-19,0.010938
PG,1971-01-18,0.010938
PG,1971-04-19,0.010938
PG,1971-07-19,0.011719
PG,1971-10-18,0.011719
PG,1972-01-17,0.011719
PG,1972-04-17,0.011719
PG,1972-07-17,0.012188
PG,1972-10-16,0.012188
PG,1973-01-15,0.012188
PG,1973-04-13,0.012188
PG,1973-07-16,0.014063
PG,1973-10-15,0.014063
PG,1974-01-14,0.014063
PG,1974-04-15,0.014063
PG,1974-07-15,0.014063
PG,1974-10-11,0.014063
PG,1975-01-20,0.015625
PG,1975-04-14,0.015625
PG,1975-07-14,0.015625
PG,1975-10-20,0.015625
PG,1976-01-19,0.015625
PG,1976-04-19,0.017188
PG,1976-07-19,0.017188
PG,1976-10-18,0.017188
PG,1977-01-17,0.020313
PG,1977-04-18,0.020313
PG,1977-07-18,0.020313
PG,1977-10-17,0.020313
PG,1978-01-16,0.020313
PG,1978-04-17,0.023438
PG,1978-07-17,0.023438
PG,1978-10-16,0.023438
PG,1979-01-15,0.023438
PG,1979-04-16,0.026563
PG,1979-07-16,0.026563
PG,1979-10-15,0.026563
PG,1980-01-14,0.026563
PG,1980-04-14,0.026563
PG,1980-07-14,0.029688
PG,1980-10-20,0.029688
PG,1981-01-19,0.029688
PG,1981-04-20,0.029688
PG,1981-07-20,0.029688
PG,1981-10-19,0.032813
PG,1982-01-18,0.032813
PG,1982-04-19,0.032813
PG,1982-07-19,0.032813
PG,1982-10-18,0.032813
PG,1983-01-17,0.01875
PG,1983-04-18,0.0375
PG,1983-07-18,0.0375
PG,1983-10-17,0.0375
PG,1984-01-16,0.0375
PG,1984-04-13,0.0375
PG,1984-07-16,0.040625
PG,1984-10-15,0.040625
PG,1985-01-14,0.040625
PG,1985-04-15,0.040625
PG,1985-07-15,0.040625
PG,1985-10-11,0.040625
PG,1986-01-17,0.040625
PG,1986-04-14,0.042188
PG,1986-07-14,0.042188
PG,1986-10-20,0.042188
PG,1987-01-16,0.042188
PG,1987-04-20,0.042188
PG,1987-07-20,0.042188
PG,1987-10-19,0.042188
PG,1988-01-15,0.04375
PG,1988-04-18,0.04375
PG,1988-07-18,0.04375
PG,1988-10-17,0.04375
PG,1989-01-13,0.05
PG,1989-04-17,0.05
PG,1989-07-17,0.05
PG,1989-10-16,0.05625
PG,1990-01-12,0.05625
PG,1990-04-16,0.05625
PG,1990-07-16,0.05625
PG,1990-10-15,0.0625
PG,1991-01-14,0.0625
PG,1991-04-15,0.0625
PG,1991-07-15,0.0625
PG,1991-10-11,0.0625
PG,1992-01-17,0.0625
PG,1992-04-20,0.06875
PG,1992-07-20,0.06875
PG,1992-10-19,0.06875
PG,1993-01-15,0.06875
PG,1993-04-19,0.06875
PG,1993-07-19,0.0775
PG,1993-10-18,0.0775
PG,1994-01-14,0.0775
PG,1994-04-18,0.0775
PG,1994-07-18,0.0875
PG,1994-10-17,0.0875
PG,1995-01-13,0.0875
PG,1995-04-17,0.0875
PG,1995-07-19,0.1
PG,1995-10-18,0.1
PG,1996-01-17,0.1
PG,1996-04-17,0.1
PG,1996-07-17,0.1125
PG,1996-10-16,0.1125
PG,1997-01-22,0.1125
PG,1997-04-16,0.1125
PG,1997-07-16,0.12625
PG,1997-10-22,0.126
PG,1998-01-21,0.126
PG,1998-04-22,0.126
PG,1998-07-22,0.1425
PG,1998-10-21,0.1425
PG,1999-01-20,0.1425
PG,1999-04-21,0.1425
PG,1999-07-21,0.16
PG,1999-10-20,0.16
PG,2000-01-19,0.16
PG,2000-04-18,0.16
PG,2000-07-19,0.175
PG,2000-10-18,0.175
PG,2001-01-17,0.175
PG,2001-04-18,0.175
PG,2001-07-18,0.19
PG,2001-10-17,0.19
PG,2002-01-16,0.19
PG,2002-04-17,0.19
PG,2002-06-03,0.345
PG,2002-07-17,0.205
PG,2002-10-16,0.205
PG,2003-01-22,0.205
PG,2003-04-15,0.205
PG,2003-07-16,0.2275
PG,2003-10-22,0.2275
PG,2004-01-21,0.2275
PG,2004-04-21,0.25
PG,2004-07-21,0.25
PG,2004-10-20,0.25
PG,2005-01-19,0.25
PG,2005-04-20,0.28
PG,2005-07-20,0.28
PG,2005-10-19,0.28
PG,2006-01-18,0.28
PG,2006-04-19,0.31
PG,2006-07-19,0.31
PG,2006-10-18,0.31
PG,2007-01-17,0.31
PG,2007-04-25,0.35
PG,2007-07-18,0.35
PG,2007-10-17,0.35
PG,2008-01-16,0.35
PG,2008-04-16,0.4
PG,2008-07-16,0.4
PG,2008-10-22,0.4
PG,2009-01-21,0.4
PG,2009-04-22,0.44
PG,2009-07-22,0.44
PG,2009-10-21,0.44
PG,2010-01-20,0.44
PG,2010-04-28,0.482
PG,2010-07-21,0.482
PG,2010-10-20,0.482
PG,2011-01-19,0.482
PG,2011-04-27,0.525
PG,2011-07-20,0.525
PG,2011-10-19,0.525
PG,2012-01-18,0.525
PG,2012-04-25,0.562
PG,2012-07-18,0.562
PG,2012-10-17,0.562
PG,2013-01-16,0.562
PG,2013-04-24,0.602
PG,2013-07-17,0.602
PG,2013-10-16,0.602
PG,2014-01-22,0.602
PG,2014-04-23,0.644
PG,2014-07-16,0.644
PG,2014-10-22,0.644
PG,2015-01-21,0.644
PG,2015-04-23,0.663
PG,2015-07-22,0.663
PG,2015-10-21,0.663
PG,2016-01-20,0.663
PG,2016-04-14,0.67
PG,2016-07-20,0.67
PG,2016-10-19,0.67
PG,2017-01-18,0.67
PG,2017-04-19,0.69
PG,2017-07-19,0.69
PG,2017-10-19,0.69
PG,2018-01-18,0.69
PG,2018-04-19,0.717
PG,2018-07-19,0.717
PG,2018-10-18,0.717
PG,2019-01-17,0.717
PG,2019-04-17,0.746
PG,2019-07-18,0.746
PG,2019-10-17,0.746
PG,2020-01-23,0.746
PG,2020-04-23,0.791
PG,2020-07-23,0.791
PG,2020-10-22,0.791
PG,2021-01-21,0.791
PG,2021-04-22,0.87
PG,2021-07-22,0.87
PG,2021-10-21,0.87
PG,2022-01-20,0.87
PG,2022-04-21,0.913
PG,2022-07-21,0.913
PG,2022-10-20,0.913
PG,2023-01-19,0.913
PG,2023-04-20,0.941
PG,2023-07-20,0.941
PG,2023-10-19,0.941
PG,2024-01-18,0.941
PG,2024-04-18,1.007
PG,2024-07-19,1.007
PG,2024-10-18,1.007
KO,1962-03-13,0.001563
KO,1962-06-11,0.001563
KO,1962-09-11,0.001563
KO,1962-11-28,0.001563
KO,1963-03-11,0.001758
KO,1963-06-11,0.001758
KO,1963-09-11,0.001758
KO,1963-11-26,0.001758
KO,1964-03-10,0.001953
KO,1964-06-09,0.001953
KO,1964-09-09,0.001953
KO,1964-11-25,0.001953
KO,1965-03-09,0.002214
KO,1965-06-09,0.002214
KO,1965-09-09,0.002214
KO,1965-11-26,0.002214
KO,1966-03-14,0.002474
KO,1966-06-09,0.002474
KO,1966-09-09,0.002474
KO,1966-11-28,0.002474
KO,1967-03-13,0.002734
KO,1967-06-09,0.002734
KO,1967-09-11,0.002734
KO,1967-11-28,0.002734
KO,1968-03-08,0.002734
KO,1968-06-10,0.003125
KO,1968-09-10,0.003125
KO,1968-11-25,0.003125
KO,1969-03-10,0.003438
KO,1969-06-09,0.003438
KO,1969-09-10,0.003438
KO,1969-11-24,0.003438
KO,1970-06-08,0.00375
KO,1970-09-10,0.00375
KO,1970-11-24,0.00375
KO,1971-03-08,0.004115
KO,1971-06-08,0.004115
KO,1971-09-10,0.004115
KO,1971-11-24,0.004115
KO,1972-03-10,0.004271
KO,1972-06-08,0.004271
KO,1972-09-08,0.004271
KO,1972-11-27,0.004271
KO,1973-03-12,0.004427
KO,1973-06-08,0.004427
KO,1973-09-10,0.004948
KO,1973-11-26,0.004948
KO,1974-03-08,0.005292
KO,1974-06-10,0.005292
KO,1974-09-10,0.005552
KO,1974-11-25,0.005552
KO,1975-03-11,0.00599
KO,1975-06-09,0.00599
KO,1975-09-10,0.00599
KO,1975-11-24,0.00599
KO,1976-03-11,0.006896
KO,1976-06-08,0.006896
KO,1976-09-10,0.006896
KO,1976-11-24,0.006896
KO,1977-03-10,0.008021
KO,1977-06-10,0.008021
KO,1977-09-12,0.008021
KO,1977-11-25,0.008021
KO,1978-03-10,0.009063
KO,1978-06-12,0.009063
KO,1978-09-08,0.009063
KO,1978-11-27,0.009063
KO,1979-03-13,0.010208
KO,1979-06-12,0.010208
KO,1979-09-10,0.010208
KO,1979-11-26,0.010208
KO,1980-03-11,0.01125
KO,1980-06-09,0.01125
KO,1980-09-10,0.01125
KO,1980-11-24,0.01125
KO,1981-03-10,0.012083
KO,1981-06-09,0.012083
KO,1981-09-09,0.012083
KO,1981-11-24,0.012083
KO,1982-03-09,0.012917
KO,1982-05-24,0.012917
KO,1982-09-09,0.012917
KO,1982-11-24,0.012917
KO,1983-03-09,0.013958
KO,1983-06-09,0.013958
KO,1983-09-12,0.013958
KO,1983-11-25,0.013958
KO,1984-03-09,0.014375
KO,1984-06-11,0.014375
KO,1984-09-10,0.014375
KO,1984-11-27,0.014375
KO,1985-03-11,0.015417
KO,1985-06-11,0.015417
KO,1985-09-10,0.015417
KO,1985-11-25,0.015417
KO,1986-03-10,0.01625
KO,1986-06-10,0.01625
KO,1986-09-09,0.01625
KO,1986-11-24,0.01625
KO,1987-03-10,0.0175
KO,1987-06-09,0.0175
KO,1987-09-09,0.0175
KO,1987-11-24,0.0175
KO,1988-03-09,0.01875
KO,1988-06-09,0.01875
KO,1988-09-09,0.01875
KO,1988-11-25,0.01875
KO,1989-03-09,0.02125
KO,1989-06-09,0.02125
KO,1989-09-11,0.02125
KO,1989-11-27,0.02125
KO,1990-03-09,0.025
KO,1990-06-11,0.025
KO,1990-09-10,0.025
KO,1990-11-26,0.025
KO,1991-03-11,0.03
KO,1991-06-10,0.03
KO,1991-09-09,0.03
KO,1991-11-22,0.03
KO,1992-03-09,0.035
KO,1992-06-09,0.035
KO,1992-09-09,0.035
KO,1992-11-24,0.035
KO,1993-03-09,0.0425
KO,1993-06-09,0.0425
KO,1993-09-09,0.0425
KO,1993-11-24,0.0425
KO,1994-03-09,0.04875
KO,1994-06-09,0.04875
KO,1994-09-09,0.04875
KO,1994-11-25,0.04875
KO,1995-03-09,0.055
KO,1995-06-13,0.055
KO,1995-09-13,0.055
KO,1995-11-29,0.055
KO,1996-03-13,0.0625
KO,1996-06-12,0.0625
KO,1996-09-11,0.0625
KO,1996-11-26,0.0625
KO,1997-03-12,0.07
KO,1997-06-11,0.07
KO,1997-09-11,0.07
KO,1997-11-26,0.07
KO,1998-03-11,0.075
KO,1998-06-11,0.075
KO,1998-09-11,0.075
KO,1998-11-27,0.075
KO,1999-03-11,0.08
KO,1999-06-11,0.08
KO,1999-09-13,0.08
KO,1999-11-29,0.08
KO,2000-03-13,0.085
KO,2000-06-13,0.085
KO,2000-09-13,0.085
KO,2000-11-29,0.085
KO,2001-03-13,0.09
KO,2001-06-13,0.09
KO,2001-09-10,0.18
KO,2001-09-17,0.09
KO,2001-11-28,0.09
KO,2002-03-13,0.1
KO,2002-06-12,0.1
KO,2002-09-11,0.1
KO,2002-11-26,0.1
KO,2003-03-12,0.11
KO,2003-06-11,0.11
KO,2003-09-11,0.11
KO,2003-11-26,0.11
KO,2004-03-11,0.125
KO,2004-06-14,0.125
KO,2004-09-13,0.125
KO,2004-11-29,0.125
KO,2005-03-11,0.14
KO,2005-06-13,0.14
KO,2005-09-13,0.14
KO,2005-11-29,0.14
KO,2006-03-13,0.155
KO,2006-06-13,0.155
KO,2006-09-13,0.155
KO,2006-11-29,0.155
KO,2007-03-13,0.17
KO,2007-06-13,0.17
KO,2007-09-12,0.17
KO,2007-11-28,0.17
KO,2008-03-12,0.19
KO,2008-06-11,0.19
KO,2008-09-11,0.19
KO,2008-11-26,0.19
KO,2009-03-11,0.205
KO,2009-06-11,0.205
KO,2009-09-11,0.205
KO,2009-11-27,0.205
KO,2010-03-11,0.22
KO,2010-06-11,0.22
KO,2010-09-13,0.22
KO,2010-11-29,0.22
KO,2011-03-11,0.235
KO,2011-06-13,0.235
KO,2011-09-13,0.235
KO,2011-11-29,0.235
KO,2012-03-13,0.255
KO,2012-06-13,0.255
KO,2012-09-12,0.255
KO,2012-11-28,0.255
KO,2013-03-13,0.28
KO,2013-06-12,0.28
KO,2013-09-12,0.28
KO,2013-11-27,0.28
KO,2014-03-12,0.305
KO,2014-06-12,0.305
KO,2014-09-11,0.305
KO,2014-11-26,0.305
KO,2015-03-12,0.33
KO,2015-06-11,0.33
KO,2015-09-11,0.33
KO,2015-11-27,0.33
KO,2016-03-11,0.35
KO,2016-06-13,0.35
KO,2016-09-13,0.35
KO,2016-11-29,0.35
KO,2017-03-13,0.37
KO,2017-06-13,0.37
KO,2017-09-14,0.37
KO,2017-11-30,0.37
KO,2018-03-14,0.39
KO,2018-06-14,0.39
KO,2018-09-13,0.39
KO,2018-11-29,0.39
KO,2019-03-14,0.4
KO,2019-06-13,0.4
KO,2019-09-13,0.4
KO,2019-11-29,0.4
KO,2020-03-13,0.41
KO,2020-06-12,0.41
KO,2020-09-14,0.41
KO,2020-11-30,0.41
KO,2021-03-12,0.42
KO,2021-06-14,0.42
KO,2021-09-14,0.42
KO,2021-11-30,0.42
KO,2022-03-14,0.44
KO,2022-06-14,0.44
KO,2022-09-15,0.44
KO,2022-11-30,0.44
KO,2023-03-16,0.46
KO,2023-06-15,0.46
KO,2023-09-14,0.46
KO,2023-11-30,0.46
KO,2024-03-14,0.485
KO,2024-06-14,0.485
KO,2024-09-13,0.485
PEP,1972-06-05,0.00463
PEP,1972-09-01,0.00463
PEP,1972-12-04,0.00463
PEP,1973-03-05,0.005
PEP,1973-06-04,0.005
PEP,1973-08-31,0.005556
PEP,1973-12-04,0.005556
PEP,1974-03-05,0.005556
PEP,1974-06-03,0.005556
PEP,1974-09-03,0.006481
PEP,1974-12-04,0.006481
PEP,1975-03-04,0.006481
PEP,1975-06-03,0.006481
PEP,1975-09-03,0.007407
PEP,1975-12-04,0.007407
PEP,1976-03-04,0.007407
PEP,1976-06-03,0.009259
PEP,1976-09-02,0.009259
PEP,1976-12-06,0.009259
PEP,1977-03-04,0.011111
PEP,1977-06-03,0.011111
PEP,1977-09-02,0.011111
PEP,1977-12-05,0.0125
PEP,1978-03-06,0.0125
PEP,1978-06-05,0.013889
PEP,1978-09-01,0.013889
PEP,1978-12-04,0.013889
PEP,1979-03-05,0.013889
PEP,1979-06-04,0.015833
PEP,1979-09-10,0.015833
PEP,1979-12-10,0.015833
PEP,1980-03-10,0.015833
PEP,1980-06-09,0.018056
PEP,1980-09-08,0.018056
PEP,1980-12-08,0.018056
PEP,1981-03-09,0.018056
PEP,1981-06-08,0.020278
PEP,1981-09-04,0.020278
PEP,1981-12-07,0.020278
PEP,1982-03-08,0.020278
PEP,1982-06-07,0.0225
PEP,1982-09-03,0.0225
PEP,1982-12-06,0.0225
PEP,1983-03-07,0.0225
PEP,1983-06-06,0.0225
PEP,1983-09-02,0.0225
PEP,1983-12-05,0.0225
PEP,1984-03-05,0.0225
PEP,1984-06-04,0.023333
PEP,1984-09-10,0.023333
PEP,1984-12-10,0.023333
PEP,1985-03-04,0.023333
PEP,1985-06-10,0.024722
PEP,1985-09-09,0.024722
PEP,1985-12-09,0.024722
PEP,1986-03-10,0.024722
PEP,1986-06-09,0.026667
PEP,1986-09-08,0.026667
PEP,1986-12-08,0.026667
PEP,1987-03-09,0.026667
PEP,1987-06-08,0.028333
PEP,1987-09-04,0.028333
PEP,1987-12-07,0.028333
PEP,1988-03-07,0.028333
PEP,1988-06-06,0.035
PEP,1988-09-02,0.035
PEP,1988-12-05,0.035
PEP,1989-03-06,0.035
PEP,1989-06-05,0.041667
PEP,1989-09-01,0.041667
PEP,1989-12-04,0.041667
PEP,1990-03-05,0.041667
PEP,1990-06-04,0.05
PEP,1990-09-10,0.05
PEP,1990-12-10,0.05
PEP,1991-03-04,0.05
PEP,1991-06-10,0.06
PEP,1991-09-09,0.06
PEP,1991-12-09,0.06
PEP,1992-03-09,0.06
PEP,1992-06-08,0.065
PEP,1992-09-04,0.065
PEP,1992-12-07,0.065
PEP,1993-03-08,0.065
PEP,1993-06-07,0.08
PEP,1993-09-03,0.08
PEP,1993-12-06,0.08
PEP,1994-03-07,0.08
PEP,1994-06-06,0.09
PEP,1994-09-02,0.09
PEP,1994-12-05,0.09
PEP,1995-03-06,0.09
PEP,1995-06-06,0.1
PEP,1995-09-06,0.1
PEP,1995-12-06,0.1
PEP,1996-03-06,0.1
PEP,1996-06-05,0.115
PEP,1996-09-04,0.115
PEP,1996-12-04,0.115
PEP,1997-03-12,0.115
PEP,1997-06-11,0.125
PEP,1997-09-17,0.125
PEP,1997-10-07,3.2
PEP,1997-12-10,0.125
PEP,1998-03-11,0.125
PEP,1998-06-10,0.13
PEP,1998-09-09,0.13
PEP,1998-12-09,0.13
PEP,1999-03-10,0.13
PEP,1999-06-09,0.135
PEP,1999-09-08,0.135
PEP,1999-12-08,0.135
PEP,2000-03-08,0.135
PEP,2000-06-07,0.14
PEP,2000-09-06,0.14
PEP,2000-12-06,0.14
PEP,2001-03-07,0.14
PEP,2001-06-06,0.145
PEP,2001-09-05,0.145
PEP,2001-12-05,0.145
PEP,2002-03-06,0.145
PEP,2002-06-05,0.15
PEP,2002-09-04,0.15
PEP,2002-12-04,0.15
PEP,2003-03-12,0.15
PEP,2003-06-11,0.16
PEP,2003-09-10,0.16
PEP,2003-12-10,0.16
PEP,2004-03-10,0.16
PEP,2004-06-09,0.23
PEP,2004-09-08,0.23
PEP,2004-12-08,0.23
PEP,2005-03-09,0.23
PEP,2005-06-08,0.26
PEP,2005-09-07,0.26
PEP,2005-12-07,0.26
PEP,2006-03-08,0.26
PEP,2006-06-07,0.3
PEP,2006-09-06,0.3
PEP,2006-12-06,0.3
PEP,2007-03-07,0.3
PEP,2007-06-06,0.375
PEP,2007-09-05,0.375
PEP,2007-12-05,0.375
PEP,2008-03-05,0.375
PEP,2008-06-04,0.425
PEP,2008-09-03,0.425
PEP,2008-12-03,0.425
PEP,2009-03-04,0.425
PEP,2009-06-03,0.45
PEP,2009-09-02,0.45
PEP,2009-12-02,0.45
PEP,2010-03-03,0.45
PEP,2010-06-02,0.48
PEP,2010-09-01,0.48
PEP,2010-12-01,0.48
PEP,2011-03-02,0.48
PEP,2011-06-01,0.515
PEP,2011-08-31,0.515
PEP,2011-11-30,0.515
PEP,2012-02-29,0.515
PEP,2012-05-30,0.538
PEP,2012-09-05,0.538
PEP,2012-12-05,0.537
PEP,2013-02-27,0.537
PEP,2013-06-05,0.568
PEP,2013-09-04,0.568
PEP,2013-12-04,0.568
PEP,2014-03-05,0.568
PEP,2014-06-04,0.655
PEP,2014-09-03,0.655
PEP,2014-12-03,0.655
PEP,2015-03-04,0.655
PEP,2015-06-03,0.703
PEP,2015-09-02,0.703
PEP,2015-12-02,0.703
PEP,2016-03-02,0.703
PEP,2016-06-01,0.753
PEP,2016-08-31,0.753
PEP,2016-11-30,0.753
PEP,2017-03-01,0.753
PEP,2017-05-31,0.805
PEP,2017-08-30,0.805
PEP,2017-11-30,0.805
PEP,2018-03-01,0.805
PEP,2018-05-31,0.928
PEP,2018-09-06,0.928
PEP,2018-12-06,0.928
PEP,2019-02-28,0.928
PEP,2019-06-06,0.955
PEP,2019-09-05,0.955
PEP,2019-12-05,0.955
PEP,2020-03-05,0.955
PEP,2020-06-04,1.023
PEP,2020-09-03,1.023
PEP,2020-12-03,1.023
PEP,2021-03-04,1.023
PEP,2021-06-03,1.075
PEP,2021-09-02,1.075
PEP,2021-12-02,1.075
PEP,2022-03-03,1.075
PEP,2022-06-02,1.15
PEP,2022-09-01,1.15
PEP,2022-12-01,1.15
PEP,2023-03-02,1.15
PEP,2023-06-01,1.265
PEP,2023-08-31,1.265
PEP,2023-11-30,1.265
PEP,2024-02-29,1.265
PEP,2024-06-07,1.355
PEP,2024-09-06,1.355
WMT,1974-03-13,3.3e-05
WMT,1974-09-10,3.3e-05
WMT,1975-03-11,2e-05
WMT,1975-06-23,2e-05
WMT,1975-09-08,2e-05
WMT,1975-12-05,2.6e-05
WMT,1976-03-16,2.6e-05
WMT,1976-06-21,2.6e-05
WMT,1976-09-03,2.6e-05
WMT,1976-12-08,3.3e-05
WMT,1977-03-21,3.3e-05
WMT,1977-06-20,5.9e-05
WMT,1977-09-02,5.9e-05
WMT,1977-11-23,5.9e-05
WMT,1978-03-17,7.2e-05
WMT,1978-06-19,7.2e-05
WMT,1978-09-01,7.2e-05
WMT,1978-12-08,7.2e-05
WMT,1979-03-19,9.8e-05
WMT,1979-06-25,9.8e-05
WMT,1979-08-31,9.8e-05
WMT,1979-12-10,9.8e-05
WMT,1980-03-28,0.00013
WMT,1980-06-16,0.00013
WMT,1980-08-29,0.00013
WMT,1980-12-23,0.00026
WMT,1981-03-24,0.000169
WMT,1981-06-16,0.000169
WMT,1981-08-31,0.000169
WMT,1981-10-05,0.001146
WMT,1982-03-23,0.000234
WMT,1982-06-15,0.000234
WMT,1982-08-30,0.000234
WMT,1982-12-07,0.000234
WMT,1983-03-18,0.000365
WMT,1983-06-14,0.000365
WMT,1983-08-29,0.000365
WMT,1983-12-06,0.000365
WMT,1984-03-19,0.000542
WMT,1984-06-15,0.000542
WMT,1984-08-28,0.000542
WMT,1984-12-07,0.000542
WMT,1985-03-18,0.000729
WMT,1985-06-17,0.000729
WMT,1985-08-27,0.000729
WMT,1985-12-06,0.000729
WMT,1986-03-18,0.000875
WMT,1986-06-16,0.000875
WMT,1986-08-26,0.000875
WMT,1986-12-05,0.000875
WMT,1987-03-17,0.00125
WMT,1987-06-15,0.00125
WMT,1987-08-27,0.00125
WMT,1987-12-07,0.00125
WMT,1988-03-17,0.001667
WMT,1988-06-13,0.001667
WMT,1988-08-29,0.001667
WMT,1988-12-05,0.001667
WMT,1989-03-17,0.002292
WMT,1989-06-12,0.002292
WMT,1989-08-28,0.002292
WMT,1989-12-05,0.002292
WMT,1990-03-19,0.002917
WMT,1990-06-11,0.002917
WMT,1990-08-27,0.002917
WMT,1990-12-04,0.002917
WMT,1991-03-18,0.0035
WMT,1991-06-11,0.0035
WMT,1991-08-26,0.0035
WMT,1991-12-05,0.0035
WMT,1992-03-17,0.004333
WMT,1992-06-09,0.004333
WMT,1992-09-01,0.004333
WMT,1992-12-04,0.004333
WMT,1993-03-17,0.005333
WMT,1993-06-08,0.005333
WMT,1993-08-31,0.005333
WMT,1993-11-26,0.005333
WMT,1994-03-15,0.007
WMT,1994-06-07,0.007
WMT,1994-08-30,0.007
WMT,1994-11-29,0.007
WMT,1995-03-15,0.008333
WMT,1995-06-08,0.008333
WMT,1995-08-31,0.008333
WMT,1995-11-29,0.008333
WMT,1996-03-15,0.008667
WMT,1996-06-13,0.008667
WMT,1996-08-29,0.008667
WMT,1996-12-11,0.008667
WMT,1997-03-17,0.011333
WMT,1997-06-18,0.011333
WMT,1997-09-17,0.011333
WMT,1997-12-17,0.011333
WMT,1998-03-18,0.013
WMT,1998-06-17,0.013
WMT,1998-09-16,0.013
WMT,1998-12-09,0.013
WMT,1999-03-17,0.016667
WMT,1999-06-16,0.016667
WMT,1999-09-15,0.016667
WMT,1999-12-15,0.016667
WMT,2000-03-15,0.02
WMT,2000-06-14,0.02
WMT,2000-09-13,0.02
WMT,2000-12-20,0.02
WMT,2001-03-21,0.023333
WMT,2001-06-20,0.023333
WMT,2001-09-19,0.023333
WMT,2001-12-19,0.023333
WMT,2002-03-20,0.025
WMT,2002-06-19,0.025
WMT,2002-09-18,0.025
WMT,2002-12-18,0.025
WMT,2003-03-19,0.03
WMT,2003-06-18,0.03
WMT,2003-10-02,0.03
WMT,2003-12-17,0.03
WMT,2004-03-17,0.043333
WMT,2004-05-19,0.043333
WMT,2004-08-18,0.043333
WMT,2004-12-15,0.043333
WMT,2005-03-16,0.05
WMT,2005-05-18,0.05
WMT,2005-08-17,0.05
WMT,2005-12-14,0.05
WMT,2006-03-15,0.056
WMT,2006-05-17,0.056
WMT,2006-08-16,0.056
WMT,2006-12-13,0.056
WMT,2007-03-14,0.073333
WMT,2007-05-16,0.073333
WMT,2007-08-15,0.073333
WMT,2007-12-12,0.073333
WMT,2008-03-12,0.079333
WMT,2008-05-14,0.079333
WMT,2008-08-13,0.079333
WMT,2008-12-11,0.079333
WMT,2009-03-11,0.091
WMT,2009-05-13,0.091
WMT,2009-08-12,0.091
WMT,2009-12-09,0.091
WMT,2010-03-10,0.101
WMT,2010-05-12,0.101
WMT,2010-08-11,0.101
WMT,2010-12-08,0.101
WMT,2011-03-09,0.121667
WMT,2011-05-11,0.121667
WMT,2011-08-10,0.121667
WMT,2011-12-07,0.121667
WMT,2012-03-08,0.132667
WMT,2012-05-09,0.132667
WMT,2012-08-08,0.132667
WMT,2012-12-05,0.132667
WMT,2013-03-08,0.156667
WMT,2013-05-08,0.156667
WMT,2013-08-07,0.156667
WMT,2013-12-04,0.156667
WMT,2014-03-07,0.16
WMT,2014-05-07,0.16
WMT,2014-08-06,0.16
WMT,2014-12-03,0.16
WMT,2015-03-11,0.163333
WMT,2015-05-06,0.163333
WMT,2015-08-05,0.163333
WMT,2015-12-02,0.163333
WMT,2016-03-09,0.166667
WMT,2016-05-11,0.166667
WMT,2016-08-10,0.166667
WMT,2016-12-07,0.166667
WMT,2017-03-08,0.17
WMT,2017-05-10,0.17
WMT,2017-08-09,0.17
WMT,2017-12-07,0.17
WMT,2018-03-08,0.173333
WMT,2018-05-10,0.173333
WMT,2018-08-09,0.173333
WMT,2018-12-06,0.173333
WMT,2019-03-14,0.176667
WMT,2019-05-09,0.176667
WMT,2019-08-08,0.176667
WMT,2019-12-05,0.176667
WMT,2020-03-19,0.18
WMT,2020-05-07,0.18
WMT,2020-08-13,0.18
WMT,2020-12-10,0.18
WMT,2021-03-18,0.183333
WMT,2021-05-06,0.183333
WMT,2021-08-12,0.183333
WMT,2021-12-09,0.183333
WMT,2022-03-17,0.186667
WMT,2022-05-05,0.186667
WMT,2022-08-11,0.186667
WMT,2022-12-08,0.186667
WMT,2023-03-16,0.19
WMT,2023-05-04,0.19
WMT,2023-08-10,0.19
WMT,2023-12-07,0.19
WMT,2024-03-14,0.208
WMT,2024-05-09,0.208
WMT,2024-08-16,0.208
COST,2004-05-06,0.1
COST,2004-07-21,0.1
COST,2004-11-03,0.1
COST,2005-02-04,0.1
COST,2005-05-04,0.115
COST,2005-08-03,0.115
COST,2005-11-16,0.115
COST,2006-02-07,0.115
COST,2006-05-08,0.13
COST,2006-07-28,0.13
COST,2006-11-15,0.13
COST,2007-02-12,0.13
COST,2007-04-25,0.145
COST,2007-07-25,0.145
COST,2007-11-28,0.145
COST,2008-02-13,0.145
COST,2008-05-14,0.16
COST,2008-08-06,0.16
COST,2008-11-12,0.16
COST,2009-02-11,0.16
COST,2009-05-13,0.18
COST,2009-08-12,0.18
COST,2009-10-21,0.18
COST,2010-02-10,0.18
COST,2010-05-05,0.205
COST,2010-08-04,0.205
COST,2010-10-27,0.205
COST,2011-02-09,0.205
COST,2011-05-11,0.24
COST,2011-08-03,0.24
COST,2011-11-08,0.24
COST,2012-02-08,0.24
COST,2012-05-23,0.275
COST,2012-08-08,0.275
COST,2012-11-14,0.275
COST,2012-12-06,7.0
COST,2013-02-06,0.275
COST,2013-05-15,0.31
COST,2013-08-07,0.31
COST,2013-11-13,0.31
COST,2014-02-12,0.31
COST,2014-05-14,0.355
COST,2014-07-09,0.355
COST,2014-11-12,0.355
COST,2015-02-05,5.0
COST,2015-02-11,0.355
COST,2015-04-29,0.4
COST,2015-08-12,0.4
COST,2015-11-10,0.4
COST,2016-02-10,0.4
COST,2016-04-27,0.45
COST,2016-08-10,0.45
COST,2016-11-02,0.45
COST,2017-02-08,0.45
COST,2017-05-08,7.0
COST,2017-05-10,0.5
COST,2017-08-16,0.5
COST,2017-11-16,0.5
COST,2018-02-15,0.5
COST,2018-05-10,0.57
COST,2018-08-30,0.57
COST,2018-11-08,0.57
COST,2019-02-07,0.57
COST,2019-05-09,0.65
COST,2019-08-29,0.65
COST,2019-10-31,0.65
COST,2020-02-06,0.65
COST,2020-04-30,0.7
COST,2020-07-30,0.7
COST,2020-10-29,0.7
COST,2020-12-01,10.0
COST,2021-02-04,0.7
COST,2021-04-29,0.79
COST,2021-07-29,0.79
COST,2021-10-28,0.79
COST,2022-02-03,0.79
COST,2022-04-28,0.9
COST,2022-07-28,0.9
COST,2022-10-27,0.9
COST,2023-02-02,0.9
COST,2023-05-04,1.02
COST,2023-08-24,1.02
COST,2023-11-02,1.02
COST,2023-12-27,15.0
COST,2024-02-01,1.02
COST,2024-04-25,1.16
COST,2024-07-26,1.16
COST,2024-11-01,1.16
